[2025-12-31T21:12:00.836+0000] {manager.py:483} INFO - Processing files using up to 2 processes at a time 
[2025-12-31T21:12:00.837+0000] {manager.py:484} INFO - Process each file at most once every 30 seconds
[2025-12-31T21:12:00.838+0000] {manager.py:485} INFO - Checking for new files in /opt/airflow/dags every 300 seconds
[2025-12-31T21:12:00.839+0000] {manager.py:821} INFO - Searching for files in /opt/airflow/dags
[2025-12-31T21:12:00.893+0000] {manager.py:824} INFO - There are 57 files in /opt/airflow/dags
[2025-12-31T21:12:01.153+0000] {manager.py:997} INFO - 
================================================================================
DAG File Processing Stats

File Path                                                                                                                            PID  Runtime      # DAGs    # Errors  Last Runtime    Last Run      Last # of DB Queries
---------------------------------------------------------------------------------------------------------------------------------  -----  ---------  --------  ----------  --------------  ----------  ----------------------
/home/airflow/.local/lib/python3.12/site-packages/airflow/example_dags/tutorial_taskflow_templates.py                                 71  0.10s             0           0                                                   0
/home/airflow/.local/lib/python3.12/site-packages/airflow/example_dags/example_external_task_marker_dag.py                            72  0.04s             0           0                                                   0
/home/airflow/.local/lib/python3.12/site-packages/airflow/example_dags/example_dag_decorator.py                                                             0           0                                                   0
/home/airflow/.local/lib/python3.12/site-packages/airflow/example_dags/example_branch_datetime_operator.py                                                  0           0                                                   0
/home/airflow/.local/lib/python3.12/site-packages/airflow/example_dags/example_task_group.py                                                                0           0                                                   0
/home/airflow/.local/lib/python3.12/site-packages/airflow/example_dags/example_task_group_decorator.py                                                      0           0                                                   0
/home/airflow/.local/lib/python3.12/site-packages/airflow/example_dags/example_nested_branch_dag.py                                                         0           0                                                   0
/home/airflow/.local/lib/python3.12/site-packages/airflow/example_dags/example_kubernetes_executor.py                                                       0           0                                                   0
/home/airflow/.local/lib/python3.12/site-packages/airflow/example_dags/example_display_name.py                                                              0           0                                                   0
/home/airflow/.local/lib/python3.12/site-packages/airflow/example_dags/example_python_decorator.py                                                          0           0                                                   0
/home/airflow/.local/lib/python3.12/site-packages/airflow/example_dags/example_trigger_controller_dag.py                                                    0           0                                                   0
/home/airflow/.local/lib/python3.12/site-packages/airflow/example_dags/example_complex.py                                                                   0           0                                                   0
/home/airflow/.local/lib/python3.12/site-packages/airflow/example_dags/example_python_operator.py                                                           0           0                                                   0
/home/airflow/.local/lib/python3.12/site-packages/airflow/example_dags/example_setup_teardown.py                                                            0           0                                                   0
/home/airflow/.local/lib/python3.12/site-packages/airflow/example_dags/example_branch_python_dop_operator_3.py                                              0           0                                                   0
/home/airflow/.local/lib/python3.12/site-packages/airflow/example_dags/example_params_trigger_ui.py                                                         0           0                                                   0
/home/airflow/.local/lib/python3.12/site-packages/airflow/example_dags/example_passing_params_via_test_command.py                                           0           0                                                   0
/home/airflow/.local/lib/python3.12/site-packages/airflow/example_dags/example_short_circuit_operator.py                                                    0           0                                                   0
/home/airflow/.local/lib/python3.12/site-packages/airflow/example_dags/example_dynamic_task_mapping_with_no_taskflow_operators.py                           0           0                                                   0
/home/airflow/.local/lib/python3.12/site-packages/airflow/example_dags/example_sensor_decorator.py                                                          0           0                                                   0
/home/airflow/.local/lib/python3.12/site-packages/airflow/example_dags/example_workday_timetable.py                                                         0           0                                                   0
/home/airflow/.local/lib/python3.12/site-packages/airflow/example_dags/example_subdag_operator.py                                                           0           0                                                   0
/home/airflow/.local/lib/python3.12/site-packages/airflow/example_dags/tutorial_taskflow_api_virtualenv.py                                                  0           0                                                   0
/home/airflow/.local/lib/python3.12/site-packages/airflow/example_dags/tutorial.py                                                                          0           0                                                   0
/home/airflow/.local/lib/python3.12/site-packages/airflow/example_dags/example_local_kubernetes_executor.py                                                 0           0                                                   0
/home/airflow/.local/lib/python3.12/site-packages/airflow/example_dags/example_outlet_event_extra.py                                                        0           0                                                   0
/home/airflow/.local/lib/python3.12/site-packages/airflow/example_dags/example_params_ui_tutorial.py                                                        0           0                                                   0
/home/airflow/.local/lib/python3.12/site-packages/airflow/example_dags/example_bash_operator.py                                                             0           0                                                   0
/home/airflow/.local/lib/python3.12/site-packages/airflow/example_dags/example_dynamic_task_mapping.py                                                      0           0                                                   0
/home/airflow/.local/lib/python3.12/site-packages/airflow/example_dags/example_sensors.py                                                                   0           0                                                   0
/home/airflow/.local/lib/python3.12/site-packages/airflow/example_dags/example_latest_only.py                                                               0           0                                                   0
/home/airflow/.local/lib/python3.12/site-packages/airflow/example_dags/example_datasets.py                                                                  0           0                                                   0
/home/airflow/.local/lib/python3.12/site-packages/airflow/example_dags/tutorial_dag.py                                                                      0           0                                                   0
/home/airflow/.local/lib/python3.12/site-packages/airflow/example_dags/example_xcom.py                                                                      0           0                                                   0
/home/airflow/.local/lib/python3.12/site-packages/airflow/example_dags/example_trigger_target_dag.py                                                        0           0                                                   0
/home/airflow/.local/lib/python3.12/site-packages/airflow/example_dags/example_branch_operator_decorator.py                                                 0           0                                                   0
/home/airflow/.local/lib/python3.12/site-packages/airflow/example_dags/tutorial_objectstorage.py                                                            0           0                                                   0
/home/airflow/.local/lib/python3.12/site-packages/airflow/example_dags/example_branch_operator.py                                                           0           0                                                   0
/home/airflow/.local/lib/python3.12/site-packages/airflow/example_dags/example_inlet_event_extra.py                                                         0           0                                                   0
/home/airflow/.local/lib/python3.12/site-packages/airflow/example_dags/example_setup_teardown_taskflow.py                                                   0           0                                                   0
/home/airflow/.local/lib/python3.12/site-packages/airflow/example_dags/example_branch_labels.py                                                             0           0                                                   0
/home/airflow/.local/lib/python3.12/site-packages/airflow/example_dags/example_short_circuit_decorator.py                                                   0           0                                                   0
/home/airflow/.local/lib/python3.12/site-packages/airflow/example_dags/example_branch_day_of_week_operator.py                                               0           0                                                   0
/home/airflow/.local/lib/python3.12/site-packages/airflow/example_dags/example_xcomargs.py                                                                  0           0                                                   0
/home/airflow/.local/lib/python3.12/site-packages/airflow/example_dags/tutorial_taskflow_api.py                                                             0           0                                                   0
/home/airflow/.local/lib/python3.12/site-packages/airflow/example_dags/example_dataset_alias.py                                                             0           0                                                   0
/home/airflow/.local/lib/python3.12/site-packages/airflow/example_dags/example_bash_decorator.py                                                            0           0                                                   0
/home/airflow/.local/lib/python3.12/site-packages/airflow/example_dags/example_dataset_alias_with_no_taskflow.py                                            0           0                                                   0
/home/airflow/.local/lib/python3.12/site-packages/airflow/example_dags/example_latest_only_with_trigger.py                                                  0           0                                                   0
/home/airflow/.local/lib/python3.12/site-packages/airflow/example_dags/example_skip_dag.py                                                                  0           0                                                   0
/home/airflow/.local/lib/python3.12/site-packages/airflow/example_dags/example_sla_dag.py                                                                   0           0                                                   0
/home/airflow/.local/lib/python3.12/site-packages/airflow/example_dags/example_time_delta_sensor_async.py                                                   0           0                                                   0
/home/airflow/.local/lib/python3.12/site-packages/airflow/example_dags/subdags/subdag.py                                                                    0           0                                                   0
/home/airflow/.local/lib/python3.12/site-packages/airflow/example_dags/plugins/event_listener.py                                                            0           0                                                   0
/home/airflow/.local/lib/python3.12/site-packages/airflow/example_dags/plugins/workday.py                                                                   0           0                                                   0
/home/airflow/.local/lib/python3.12/site-packages/airflow/example_dags/plugins/listener_plugin.py                                                           0           0                                                   0
/home/airflow/.local/lib/python3.12/site-packages/airflow/example_dags/plugins/decreasing_priority_weight_strategy.py                                       0           0                                                   0
================================================================================
[2025-12-31T21:12:31.241+0000] {manager.py:997} INFO - 
================================================================================
DAG File Processing Stats

File Path                                                                                                                          PID    Runtime      # DAGs    # Errors  Last Runtime    Last Run               Last # of DB Queries
---------------------------------------------------------------------------------------------------------------------------------  -----  ---------  --------  ----------  --------------  -------------------  ----------------------
/home/airflow/.local/lib/python3.12/site-packages/airflow/example_dags/example_outlet_event_extra.py                                                        3           0  3.37s           2025-12-31T21:12:10                     118
/home/airflow/.local/lib/python3.12/site-packages/airflow/example_dags/example_datasets.py                                                                 10           0  2.28s           2025-12-31T21:12:11                     379
/home/airflow/.local/lib/python3.12/site-packages/airflow/example_dags/example_dataset_alias.py                                                             4           0  1.55s           2025-12-31T21:12:16                     157
/home/airflow/.local/lib/python3.12/site-packages/airflow/example_dags/example_dataset_alias_with_no_taskflow.py                                            4           0  1.46s           2025-12-31T21:12:16                     157
/home/airflow/.local/lib/python3.12/site-packages/airflow/example_dags/example_inlet_event_extra.py                                                         2           0  1.27s           2025-12-31T21:12:13                      81
/home/airflow/.local/lib/python3.12/site-packages/airflow/example_dags/example_dag_decorator.py                                                             1           0  1.10s           2025-12-31T21:12:03                      43
/home/airflow/.local/lib/python3.12/site-packages/airflow/example_dags/example_external_task_marker_dag.py                                                  2           0  0.98s           2025-12-31T21:12:02                      79
/home/airflow/.local/lib/python3.12/site-packages/airflow/example_dags/tutorial_taskflow_templates.py                                                       1           0  0.87s           2025-12-31T21:12:01                      45
/home/airflow/.local/lib/python3.12/site-packages/airflow/example_dags/example_time_delta_sensor_async.py                                                   1           0  0.75s           2025-12-31T21:12:17                      43
/home/airflow/.local/lib/python3.12/site-packages/airflow/example_dags/example_branch_datetime_operator.py                                                  3           0  0.69s           2025-12-31T21:12:02                     117
/home/airflow/.local/lib/python3.12/site-packages/airflow/example_dags/example_sla_dag.py                                                                   1           0  0.55s           2025-12-31T21:12:17                      45
/home/airflow/.local/lib/python3.12/site-packages/airflow/example_dags/example_skip_dag.py                                                                  1           0  0.54s           2025-12-31T21:12:17                      45
/home/airflow/.local/lib/python3.12/site-packages/airflow/example_dags/tutorial_dag.py                                                                      1           0  0.52s           2025-12-31T21:12:11                      43
/home/airflow/.local/lib/python3.12/site-packages/airflow/example_dags/example_workday_timetable.py                                                         1           0  0.51s           2025-12-31T21:12:06                      45
/home/airflow/.local/lib/python3.12/site-packages/airflow/example_dags/example_python_decorator.py                                                          1           0  0.49s           2025-12-31T21:12:04                      43
/home/airflow/.local/lib/python3.12/site-packages/airflow/example_dags/example_latest_only.py                                                               1           0  0.48s           2025-12-31T21:12:09                      45
/home/airflow/.local/lib/python3.12/site-packages/airflow/example_dags/example_branch_day_of_week_operator.py                                               1           0  0.46s           2025-12-31T21:12:14                      45
/home/airflow/.local/lib/python3.12/site-packages/airflow/example_dags/example_subdag_operator.py                                                           3           0  0.46s           2025-12-31T21:12:06                      53
/home/airflow/.local/lib/python3.12/site-packages/airflow/example_dags/example_local_kubernetes_executor.py                                                 1           0  0.46s           2025-12-31T21:12:07                      43
/home/airflow/.local/lib/python3.12/site-packages/airflow/example_dags/example_xcomargs.py                                                                  2           0  0.45s           2025-12-31T21:12:14                      79
/home/airflow/.local/lib/python3.12/site-packages/airflow/example_dags/tutorial.py                                                                          1           0  0.45s           2025-12-31T21:12:07                      45
/home/airflow/.local/lib/python3.12/site-packages/airflow/example_dags/example_params_ui_tutorial.py                                                        1           0  0.45s           2025-12-31T21:12:07                      43
/home/airflow/.local/lib/python3.12/site-packages/airflow/example_dags/example_bash_operator.py                                                             1           0  0.44s           2025-12-31T21:12:08                      45
/home/airflow/.local/lib/python3.12/site-packages/airflow/example_dags/example_display_name.py                                                              1           0  0.44s           2025-12-31T21:12:03                      43
/home/airflow/.local/lib/python3.12/site-packages/airflow/example_dags/example_sensor_decorator.py                                                          1           0  0.43s           2025-12-31T21:12:06                      43
/home/airflow/.local/lib/python3.12/site-packages/airflow/example_dags/example_sensors.py                                                                   1           0  0.43s           2025-12-31T21:12:09                      43
/home/airflow/.local/lib/python3.12/site-packages/airflow/example_dags/example_trigger_controller_dag.py                                                    1           0  0.42s           2025-12-31T21:12:04                      45
/home/airflow/.local/lib/python3.12/site-packages/airflow/example_dags/example_dynamic_task_mapping.py                                                      1           0  0.41s           2025-12-31T21:12:08                      43
/home/airflow/.local/lib/python3.12/site-packages/airflow/example_dags/example_short_circuit_decorator.py                                                   1           0  0.40s           2025-12-31T21:12:13                      43
/home/airflow/.local/lib/python3.12/site-packages/airflow/example_dags/example_branch_python_dop_operator_3.py                                              1           0  0.39s           2025-12-31T21:12:05                      45
/home/airflow/.local/lib/python3.12/site-packages/airflow/example_dags/example_branch_operator.py                                                           1           0  0.39s           2025-12-31T21:12:12                      45
/home/airflow/.local/lib/python3.12/site-packages/airflow/example_dags/example_kubernetes_executor.py                                                       1           0  0.38s           2025-12-31T21:12:03                      43
/home/airflow/.local/lib/python3.12/site-packages/airflow/example_dags/example_latest_only_with_trigger.py                                                  1           0  0.38s           2025-12-31T21:12:16                      45
/home/airflow/.local/lib/python3.12/site-packages/airflow/example_dags/example_branch_operator_decorator.py                                                 1           0  0.38s           2025-12-31T21:12:12                      45
/home/airflow/.local/lib/python3.12/site-packages/airflow/example_dags/example_params_trigger_ui.py                                                         1           0  0.38s           2025-12-31T21:12:05                      43
/home/airflow/.local/lib/python3.12/site-packages/airflow/example_dags/example_complex.py                                                                   1           0  0.38s           2025-12-31T21:12:04                      43
/home/airflow/.local/lib/python3.12/site-packages/airflow/example_dags/tutorial_taskflow_api_virtualenv.py                                                  1           0  0.37s           2025-12-31T21:12:06                      43
/home/airflow/.local/lib/python3.12/site-packages/airflow/example_dags/example_passing_params_via_test_command.py                                           1           0  0.37s           2025-12-31T21:12:05                      45
/home/airflow/.local/lib/python3.12/site-packages/airflow/example_dags/example_task_group_decorator.py                                                      1           0  0.36s           2025-12-31T21:12:03                      43
/home/airflow/.local/lib/python3.12/site-packages/airflow/example_dags/example_nested_branch_dag.py                                                         1           0  0.36s           2025-12-31T21:12:03                      45
/home/airflow/.local/lib/python3.12/site-packages/airflow/example_dags/example_python_operator.py                                                           1           0  0.35s           2025-12-31T21:12:04                      43
/home/airflow/.local/lib/python3.12/site-packages/airflow/example_dags/example_setup_teardown.py                                                            1           0  0.35s           2025-12-31T21:12:05                      43
/home/airflow/.local/lib/python3.12/site-packages/airflow/example_dags/example_setup_teardown_taskflow.py                                                   1           0  0.35s           2025-12-31T21:12:13                      43
/home/airflow/.local/lib/python3.12/site-packages/airflow/example_dags/tutorial_objectstorage.py                                                            1           0  0.35s           2025-12-31T21:12:12                      43
/home/airflow/.local/lib/python3.12/site-packages/airflow/example_dags/example_short_circuit_operator.py                                                    1           0  0.35s           2025-12-31T21:12:05                      43
/home/airflow/.local/lib/python3.12/site-packages/airflow/example_dags/tutorial_taskflow_api.py                                                             1           0  0.35s           2025-12-31T21:12:14                      43
/home/airflow/.local/lib/python3.12/site-packages/airflow/example_dags/example_task_group.py                                                                1           0  0.35s           2025-12-31T21:12:03                      43
/home/airflow/.local/lib/python3.12/site-packages/airflow/example_dags/example_xcom.py                                                                      1           0  0.34s           2025-12-31T21:12:11                      45
/home/airflow/.local/lib/python3.12/site-packages/airflow/example_dags/example_bash_decorator.py                                                            1           0  0.34s           2025-12-31T21:12:15                      43
/home/airflow/.local/lib/python3.12/site-packages/airflow/example_dags/example_dynamic_task_mapping_with_no_taskflow_operators.py                           1           0  0.34s           2025-12-31T21:12:05                      43
/home/airflow/.local/lib/python3.12/site-packages/airflow/example_dags/example_branch_labels.py                                                             1           0  0.34s           2025-12-31T21:12:13                      45
/home/airflow/.local/lib/python3.12/site-packages/airflow/example_dags/example_trigger_target_dag.py                                                        1           0  0.32s           2025-12-31T21:12:12                      43
/home/airflow/.local/lib/python3.12/site-packages/airflow/example_dags/plugins/decreasing_priority_weight_strategy.py                                       0           0  0.23s           2025-12-31T21:12:18                       3
/home/airflow/.local/lib/python3.12/site-packages/airflow/example_dags/plugins/workday.py                                                                   0           0  0.18s           2025-12-31T21:12:17                       3
/home/airflow/.local/lib/python3.12/site-packages/airflow/example_dags/plugins/event_listener.py                                                            0           0  0.16s           2025-12-31T21:12:17                       3
/home/airflow/.local/lib/python3.12/site-packages/airflow/example_dags/plugins/listener_plugin.py                                                           0           0  0.14s           2025-12-31T21:12:17                       3
/home/airflow/.local/lib/python3.12/site-packages/airflow/example_dags/subdags/subdag.py                                                                    0           0  0.13s           2025-12-31T21:12:17                       3
================================================================================
[2025-12-31T21:13:02.227+0000] {manager.py:997} INFO - 
================================================================================
DAG File Processing Stats

File Path                                                                                                                            PID  Runtime      # DAGs    # Errors  Last Runtime    Last Run               Last # of DB Queries
---------------------------------------------------------------------------------------------------------------------------------  -----  ---------  --------  ----------  --------------  -------------------  ----------------------
/home/airflow/.local/lib/python3.12/site-packages/airflow/example_dags/example_dataset_alias_with_no_taskflow.py                                            4           0  0.85s           2025-12-31T21:12:47                      27
/home/airflow/.local/lib/python3.12/site-packages/airflow/example_dags/example_datasets.py                                                                 10           0  0.84s           2025-12-31T21:12:43                      49
/home/airflow/.local/lib/python3.12/site-packages/airflow/example_dags/example_inlet_event_extra.py                                                         2           0  0.82s           2025-12-31T21:12:45                      15
/home/airflow/.local/lib/python3.12/site-packages/airflow/example_dags/example_dataset_alias.py                                                             4           0  0.78s           2025-12-31T21:12:47                      27
/home/airflow/.local/lib/python3.12/site-packages/airflow/example_dags/example_outlet_event_extra.py                                                        3           0  0.76s           2025-12-31T21:12:41                      19
/home/airflow/.local/lib/python3.12/site-packages/airflow/example_dags/example_dag_decorator.py                                                             1           0  0.33s           2025-12-31T21:12:33                      32
/home/airflow/.local/lib/python3.12/site-packages/airflow/example_dags/example_python_decorator.py                                                          1           0  0.19s           2025-12-31T21:12:34                      10
/home/airflow/.local/lib/python3.12/site-packages/airflow/example_dags/example_params_ui_tutorial.py                                                        1           0  0.17s           2025-12-31T21:12:38                      10
/home/airflow/.local/lib/python3.12/site-packages/airflow/example_dags/example_workday_timetable.py                                                         1           0  0.16s           2025-12-31T21:12:37                      12
/home/airflow/.local/lib/python3.12/site-packages/airflow/example_dags/example_subdag_operator.py                                                           3           0  0.16s           2025-12-31T21:12:37                      20
/home/airflow/.local/lib/python3.12/site-packages/airflow/example_dags/example_branch_operator.py                                                           1           0  0.15s           2025-12-31T21:12:43                      12
/home/airflow/.local/lib/python3.12/site-packages/airflow/example_dags/tutorial_taskflow_templates.py                                197  0.01s             1           0  0.15s           2025-12-31T21:12:32                      12
/home/airflow/.local/lib/python3.12/site-packages/airflow/example_dags/example_branch_labels.py                                                             1           0  0.15s           2025-12-31T21:12:43                      12
/home/airflow/.local/lib/python3.12/site-packages/airflow/example_dags/example_params_trigger_ui.py                                                         1           0  0.15s           2025-12-31T21:12:35                      10
/home/airflow/.local/lib/python3.12/site-packages/airflow/example_dags/example_kubernetes_executor.py                                                       1           0  0.15s           2025-12-31T21:12:34                      10
/home/airflow/.local/lib/python3.12/site-packages/airflow/example_dags/example_branch_operator_decorator.py                                                 1           0  0.14s           2025-12-31T21:12:42                      12
/home/airflow/.local/lib/python3.12/site-packages/airflow/example_dags/example_branch_python_dop_operator_3.py                                              1           0  0.14s           2025-12-31T21:12:35                      12
/home/airflow/.local/lib/python3.12/site-packages/airflow/example_dags/example_complex.py                                                                   1           0  0.14s           2025-12-31T21:12:35                      10
/home/airflow/.local/lib/python3.12/site-packages/airflow/example_dags/example_bash_operator.py                                                             1           0  0.14s           2025-12-31T21:12:38                      12
/home/airflow/.local/lib/python3.12/site-packages/airflow/example_dags/example_branch_datetime_operator.py                                                  3           0  0.14s           2025-12-31T21:12:33                      18
/home/airflow/.local/lib/python3.12/site-packages/airflow/example_dags/example_sensors.py                                                                   1           0  0.14s           2025-12-31T21:12:39                      10
/home/airflow/.local/lib/python3.12/site-packages/airflow/example_dags/example_passing_params_via_test_command.py                                           1           0  0.14s           2025-12-31T21:12:35                      12
/home/airflow/.local/lib/python3.12/site-packages/airflow/example_dags/example_bash_decorator.py                                                            1           0  0.14s           2025-12-31T21:12:45                      10
/home/airflow/.local/lib/python3.12/site-packages/airflow/example_dags/example_latest_only.py                                                               1           0  0.14s           2025-12-31T21:12:39                      12
/home/airflow/.local/lib/python3.12/site-packages/airflow/example_dags/example_short_circuit_operator.py                                                    1           0  0.13s           2025-12-31T21:12:35                      10
/home/airflow/.local/lib/python3.12/site-packages/airflow/example_dags/example_skip_dag.py                                                                  1           0  0.13s           2025-12-31T21:12:47                      12
/home/airflow/.local/lib/python3.12/site-packages/airflow/example_dags/example_nested_branch_dag.py                                                         1           0  0.13s           2025-12-31T21:12:33                      12
/home/airflow/.local/lib/python3.12/site-packages/airflow/example_dags/example_task_group_decorator.py                                                      1           0  0.13s           2025-12-31T21:12:33                      10
/home/airflow/.local/lib/python3.12/site-packages/airflow/example_dags/example_external_task_marker_dag.py                                                  2           0  0.13s           2025-12-31T21:12:32                      13
/home/airflow/.local/lib/python3.12/site-packages/airflow/example_dags/example_sla_dag.py                                                                   1           0  0.13s           2025-12-31T21:12:47                      12
/home/airflow/.local/lib/python3.12/site-packages/airflow/example_dags/example_latest_only_with_trigger.py                                                  1           0  0.13s           2025-12-31T21:12:47                      12
/home/airflow/.local/lib/python3.12/site-packages/airflow/example_dags/example_setup_teardown.py                                                            1           0  0.13s           2025-12-31T21:12:35                      10
/home/airflow/.local/lib/python3.12/site-packages/airflow/example_dags/example_setup_teardown_taskflow.py                                                   1           0  0.12s           2025-12-31T21:12:43                      10
/home/airflow/.local/lib/python3.12/site-packages/airflow/example_dags/example_xcom.py                                                                      1           0  0.12s           2025-12-31T21:12:42                      12
/home/airflow/.local/lib/python3.12/site-packages/airflow/example_dags/example_sensor_decorator.py                                                          1           0  0.12s           2025-12-31T21:12:37                      10
/home/airflow/.local/lib/python3.12/site-packages/airflow/example_dags/example_dynamic_task_mapping_with_no_taskflow_operators.py                           1           0  0.12s           2025-12-31T21:12:36                      10
/home/airflow/.local/lib/python3.12/site-packages/airflow/example_dags/example_dynamic_task_mapping.py                                                      1           0  0.12s           2025-12-31T21:12:38                      10
/home/airflow/.local/lib/python3.12/site-packages/airflow/example_dags/example_branch_day_of_week_operator.py                                               1           0  0.12s           2025-12-31T21:12:44                      12
/home/airflow/.local/lib/python3.12/site-packages/airflow/example_dags/tutorial_dag.py                                                                      1           0  0.12s           2025-12-31T21:12:41                      10
/home/airflow/.local/lib/python3.12/site-packages/airflow/example_dags/example_xcomargs.py                                                                  2           0  0.12s           2025-12-31T21:12:44                      13
/home/airflow/.local/lib/python3.12/site-packages/airflow/example_dags/example_trigger_controller_dag.py                                                    1           0  0.12s           2025-12-31T21:12:35                      12
/home/airflow/.local/lib/python3.12/site-packages/airflow/example_dags/tutorial.py                                                                          1           0  0.12s           2025-12-31T21:12:37                      12
/home/airflow/.local/lib/python3.12/site-packages/airflow/example_dags/example_python_operator.py                                                           1           0  0.12s           2025-12-31T21:12:35                      10
/home/airflow/.local/lib/python3.12/site-packages/airflow/example_dags/example_short_circuit_decorator.py                                                   1           0  0.12s           2025-12-31T21:12:44                      10
/home/airflow/.local/lib/python3.12/site-packages/airflow/example_dags/example_time_delta_sensor_async.py                                                   1           0  0.12s           2025-12-31T21:12:48                      10
/home/airflow/.local/lib/python3.12/site-packages/airflow/example_dags/tutorial_taskflow_api.py                                                             1           0  0.11s           2025-12-31T21:12:44                      10
/home/airflow/.local/lib/python3.12/site-packages/airflow/example_dags/tutorial_taskflow_api_virtualenv.py                                                  1           0  0.11s           2025-12-31T21:12:37                      10
/home/airflow/.local/lib/python3.12/site-packages/airflow/example_dags/example_task_group.py                                                                1           0  0.11s           2025-12-31T21:12:33                      10
/home/airflow/.local/lib/python3.12/site-packages/airflow/example_dags/tutorial_objectstorage.py                                                            1           0  0.11s           2025-12-31T21:12:43                      10
/home/airflow/.local/lib/python3.12/site-packages/airflow/example_dags/example_local_kubernetes_executor.py                                                 1           0  0.11s           2025-12-31T21:12:37                      10
/home/airflow/.local/lib/python3.12/site-packages/airflow/example_dags/example_display_name.py                                                              1           0  0.11s           2025-12-31T21:12:34                      10
/home/airflow/.local/lib/python3.12/site-packages/airflow/example_dags/example_trigger_target_dag.py                                                        1           0  0.11s           2025-12-31T21:12:42                      10
/home/airflow/.local/lib/python3.12/site-packages/airflow/example_dags/plugins/decreasing_priority_weight_strategy.py                                       0           0  0.08s           2025-12-31T21:12:49                       3
/home/airflow/.local/lib/python3.12/site-packages/airflow/example_dags/plugins/listener_plugin.py                                                           0           0  0.06s           2025-12-31T21:12:48                       3
/home/airflow/.local/lib/python3.12/site-packages/airflow/example_dags/plugins/workday.py                                                                   0           0  0.05s           2025-12-31T21:12:48                       3
/home/airflow/.local/lib/python3.12/site-packages/airflow/example_dags/plugins/event_listener.py                                                            0           0  0.05s           2025-12-31T21:12:47                       3
/home/airflow/.local/lib/python3.12/site-packages/airflow/example_dags/subdags/subdag.py                                                                    0           0  0.05s           2025-12-31T21:12:47                       3
================================================================================
[2025-12-31T21:13:32.550+0000] {manager.py:997} INFO - 
================================================================================
DAG File Processing Stats

File Path                                                                                                                            PID  Runtime      # DAGs    # Errors  Last Runtime    Last Run               Last # of DB Queries
---------------------------------------------------------------------------------------------------------------------------------  -----  ---------  --------  ----------  --------------  -------------------  ----------------------
/home/airflow/.local/lib/python3.12/site-packages/airflow/example_dags/example_datasets.py                                                                 10           0  0.88s           2025-12-31T21:13:15                      49
/home/airflow/.local/lib/python3.12/site-packages/airflow/example_dags/example_dataset_alias.py                                                             4           0  0.82s           2025-12-31T21:13:18                      27
/home/airflow/.local/lib/python3.12/site-packages/airflow/example_dags/example_outlet_event_extra.py                                                        3           0  0.81s           2025-12-31T21:13:12                      19
/home/airflow/.local/lib/python3.12/site-packages/airflow/example_dags/example_dataset_alias_with_no_taskflow.py                                            4           0  0.79s           2025-12-31T21:13:18                      27
/home/airflow/.local/lib/python3.12/site-packages/airflow/example_dags/example_inlet_event_extra.py                                                         2           0  0.78s           2025-12-31T21:13:16                      15
/home/airflow/.local/lib/python3.12/site-packages/airflow/example_dags/example_dag_decorator.py                                                             1           0  0.41s           2025-12-31T21:13:04                      32
/home/airflow/.local/lib/python3.12/site-packages/airflow/example_dags/example_workday_timetable.py                                                         1           0  0.18s           2025-12-31T21:13:08                      12
/home/airflow/.local/lib/python3.12/site-packages/airflow/example_dags/example_branch_operator.py                                                           1           0  0.17s           2025-12-31T21:13:14                      12
/home/airflow/.local/lib/python3.12/site-packages/airflow/example_dags/example_nested_branch_dag.py                                                         1           0  0.17s           2025-12-31T21:13:03                      12
/home/airflow/.local/lib/python3.12/site-packages/airflow/example_dags/example_passing_params_via_test_command.py                                           1           0  0.17s           2025-12-31T21:13:06                      12
/home/airflow/.local/lib/python3.12/site-packages/airflow/example_dags/example_short_circuit_operator.py                                                    1           0  0.16s           2025-12-31T21:13:06                      10
/home/airflow/.local/lib/python3.12/site-packages/airflow/example_dags/example_branch_datetime_operator.py                                                  3           0  0.15s           2025-12-31T21:13:03                      18
/home/airflow/.local/lib/python3.12/site-packages/airflow/example_dags/example_subdag_operator.py                                                           3           0  0.15s           2025-12-31T21:13:08                      20
/home/airflow/.local/lib/python3.12/site-packages/airflow/example_dags/example_branch_operator_decorator.py                                                 1           0  0.15s           2025-12-31T21:13:13                      12
/home/airflow/.local/lib/python3.12/site-packages/airflow/example_dags/example_branch_python_dop_operator_3.py                                              1           0  0.15s           2025-12-31T21:13:06                      12
/home/airflow/.local/lib/python3.12/site-packages/airflow/example_dags/example_dynamic_task_mapping_with_no_taskflow_operators.py                           1           0  0.15s           2025-12-31T21:13:07                      10
/home/airflow/.local/lib/python3.12/site-packages/airflow/example_dags/example_sensors.py                                                                   1           0  0.15s           2025-12-31T21:13:10                      10
/home/airflow/.local/lib/python3.12/site-packages/airflow/example_dags/tutorial_taskflow_templates.py                                261  0.02s             1           0  0.14s           2025-12-31T21:13:02                      12
/home/airflow/.local/lib/python3.12/site-packages/airflow/example_dags/example_params_trigger_ui.py                                                         1           0  0.14s           2025-12-31T21:13:06                      10
/home/airflow/.local/lib/python3.12/site-packages/airflow/example_dags/example_xcom.py                                                                      1           0  0.14s           2025-12-31T21:13:12                      12
/home/airflow/.local/lib/python3.12/site-packages/airflow/example_dags/example_bash_operator.py                                                             1           0  0.14s           2025-12-31T21:13:09                      12
/home/airflow/.local/lib/python3.12/site-packages/airflow/example_dags/example_kubernetes_executor.py                                                       1           0  0.14s           2025-12-31T21:13:05                      10
/home/airflow/.local/lib/python3.12/site-packages/airflow/example_dags/example_params_ui_tutorial.py                                                        1           0  0.14s           2025-12-31T21:13:09                      10
/home/airflow/.local/lib/python3.12/site-packages/airflow/example_dags/example_branch_day_of_week_operator.py                                               1           0  0.14s           2025-12-31T21:13:14                      12
/home/airflow/.local/lib/python3.12/site-packages/airflow/example_dags/example_complex.py                                                                   1           0  0.14s           2025-12-31T21:13:05                      10
/home/airflow/.local/lib/python3.12/site-packages/airflow/example_dags/example_latest_only_with_trigger.py                                                  1           0  0.14s           2025-12-31T21:13:17                      12
/home/airflow/.local/lib/python3.12/site-packages/airflow/example_dags/example_bash_decorator.py                                                            1           0  0.13s           2025-12-31T21:13:16                      10
/home/airflow/.local/lib/python3.12/site-packages/airflow/example_dags/example_sensor_decorator.py                                                          1           0  0.13s           2025-12-31T21:13:08                      10
/home/airflow/.local/lib/python3.12/site-packages/airflow/example_dags/example_external_task_marker_dag.py                           262  0.01s             2           0  0.13s           2025-12-31T21:13:02                      13
/home/airflow/.local/lib/python3.12/site-packages/airflow/example_dags/example_skip_dag.py                                                                  1           0  0.13s           2025-12-31T21:13:17                      12
/home/airflow/.local/lib/python3.12/site-packages/airflow/example_dags/example_python_operator.py                                                           1           0  0.13s           2025-12-31T21:13:05                      10
/home/airflow/.local/lib/python3.12/site-packages/airflow/example_dags/example_xcomargs.py                                                                  2           0  0.13s           2025-12-31T21:13:15                      13
/home/airflow/.local/lib/python3.12/site-packages/airflow/example_dags/example_python_decorator.py                                                          1           0  0.13s           2025-12-31T21:13:05                      10
/home/airflow/.local/lib/python3.12/site-packages/airflow/example_dags/example_sla_dag.py                                                                   1           0  0.12s           2025-12-31T21:13:17                      12
/home/airflow/.local/lib/python3.12/site-packages/airflow/example_dags/tutorial.py                                                                          1           0  0.12s           2025-12-31T21:13:08                      12
/home/airflow/.local/lib/python3.12/site-packages/airflow/example_dags/example_dynamic_task_mapping.py                                                      1           0  0.12s           2025-12-31T21:13:09                      10
/home/airflow/.local/lib/python3.12/site-packages/airflow/example_dags/tutorial_taskflow_api_virtualenv.py                                                  1           0  0.12s           2025-12-31T21:13:08                      10
/home/airflow/.local/lib/python3.12/site-packages/airflow/example_dags/example_short_circuit_decorator.py                                                   1           0  0.12s           2025-12-31T21:13:14                      10
/home/airflow/.local/lib/python3.12/site-packages/airflow/example_dags/example_trigger_controller_dag.py                                                    1           0  0.12s           2025-12-31T21:13:05                      12
/home/airflow/.local/lib/python3.12/site-packages/airflow/example_dags/tutorial_objectstorage.py                                                            1           0  0.12s           2025-12-31T21:13:13                      10
/home/airflow/.local/lib/python3.12/site-packages/airflow/example_dags/example_task_group.py                                                                1           0  0.12s           2025-12-31T21:13:03                      10
/home/airflow/.local/lib/python3.12/site-packages/airflow/example_dags/example_latest_only.py                                                               1           0  0.12s           2025-12-31T21:13:10                      12
/home/airflow/.local/lib/python3.12/site-packages/airflow/example_dags/example_task_group_decorator.py                                                      1           0  0.12s           2025-12-31T21:13:03                      10
/home/airflow/.local/lib/python3.12/site-packages/airflow/example_dags/example_branch_labels.py                                                             1           0  0.12s           2025-12-31T21:13:14                      12
/home/airflow/.local/lib/python3.12/site-packages/airflow/example_dags/example_trigger_target_dag.py                                                        1           0  0.12s           2025-12-31T21:13:13                      10
/home/airflow/.local/lib/python3.12/site-packages/airflow/example_dags/example_setup_teardown.py                                                            1           0  0.12s           2025-12-31T21:13:05                      10
/home/airflow/.local/lib/python3.12/site-packages/airflow/example_dags/tutorial_taskflow_api.py                                                             1           0  0.11s           2025-12-31T21:13:15                      10
/home/airflow/.local/lib/python3.12/site-packages/airflow/example_dags/example_setup_teardown_taskflow.py                                                   1           0  0.11s           2025-12-31T21:13:14                      10
/home/airflow/.local/lib/python3.12/site-packages/airflow/example_dags/example_local_kubernetes_executor.py                                                 1           0  0.11s           2025-12-31T21:13:08                      10
/home/airflow/.local/lib/python3.12/site-packages/airflow/example_dags/example_display_name.py                                                              1           0  0.11s           2025-12-31T21:13:05                      10
/home/airflow/.local/lib/python3.12/site-packages/airflow/example_dags/tutorial_dag.py                                                                      1           0  0.11s           2025-12-31T21:13:11                      10
/home/airflow/.local/lib/python3.12/site-packages/airflow/example_dags/example_time_delta_sensor_async.py                                                   1           0  0.11s           2025-12-31T21:13:18                      10
/home/airflow/.local/lib/python3.12/site-packages/airflow/example_dags/plugins/decreasing_priority_weight_strategy.py                                       0           0  0.08s           2025-12-31T21:13:19                       3
/home/airflow/.local/lib/python3.12/site-packages/airflow/example_dags/plugins/listener_plugin.py                                                           0           0  0.06s           2025-12-31T21:13:18                       3
/home/airflow/.local/lib/python3.12/site-packages/airflow/example_dags/subdags/subdag.py                                                                    0           0  0.06s           2025-12-31T21:13:17                       3
/home/airflow/.local/lib/python3.12/site-packages/airflow/example_dags/plugins/event_listener.py                                                            0           0  0.06s           2025-12-31T21:13:17                       3
/home/airflow/.local/lib/python3.12/site-packages/airflow/example_dags/plugins/workday.py                                                                   0           0  0.05s           2025-12-31T21:13:18                       3
================================================================================
[2025-12-31T21:14:03.072+0000] {manager.py:997} INFO - 
================================================================================
DAG File Processing Stats

File Path                                                                                                                            PID  Runtime      # DAGs    # Errors  Last Runtime    Last Run               Last # of DB Queries
---------------------------------------------------------------------------------------------------------------------------------  -----  ---------  --------  ----------  --------------  -------------------  ----------------------
/home/airflow/.local/lib/python3.12/site-packages/airflow/example_dags/example_outlet_event_extra.py                                                        3           0  1.09s           2025-12-31T21:13:44                      19
/home/airflow/.local/lib/python3.12/site-packages/airflow/example_dags/example_datasets.py                                                                 10           0  0.94s           2025-12-31T21:13:46                      49
/home/airflow/.local/lib/python3.12/site-packages/airflow/example_dags/example_inlet_event_extra.py                                                         2           0  0.89s           2025-12-31T21:13:48                      15
/home/airflow/.local/lib/python3.12/site-packages/airflow/example_dags/example_dataset_alias_with_no_taskflow.py                                            4           0  0.85s           2025-12-31T21:13:49                      27
/home/airflow/.local/lib/python3.12/site-packages/airflow/example_dags/example_dataset_alias.py                                                             4           0  0.80s           2025-12-31T21:13:48                      27
/home/airflow/.local/lib/python3.12/site-packages/airflow/example_dags/example_dag_decorator.py                                                             1           0  0.56s           2025-12-31T21:13:34                      32
/home/airflow/.local/lib/python3.12/site-packages/airflow/example_dags/example_task_group_decorator.py                                                      1           0  0.27s           2025-12-31T21:13:34                      10
/home/airflow/.local/lib/python3.12/site-packages/airflow/example_dags/example_nested_branch_dag.py                                                         1           0  0.26s           2025-12-31T21:13:34                      12
/home/airflow/.local/lib/python3.12/site-packages/airflow/example_dags/example_branch_operator_decorator.py                                                 1           0  0.24s           2025-12-31T21:13:43                      12
/home/airflow/.local/lib/python3.12/site-packages/airflow/example_dags/example_branch_datetime_operator.py                                                  3           0  0.23s           2025-12-31T21:13:33                      18
/home/airflow/.local/lib/python3.12/site-packages/airflow/example_dags/tutorial_objectstorage.py                                                            1           0  0.22s           2025-12-31T21:13:44                      10
/home/airflow/.local/lib/python3.12/site-packages/airflow/example_dags/example_params_ui_tutorial.py                                                        1           0  0.19s           2025-12-31T21:13:40                      10
/home/airflow/.local/lib/python3.12/site-packages/airflow/example_dags/example_workday_timetable.py                                                         1           0  0.18s           2025-12-31T21:13:38                      12
/home/airflow/.local/lib/python3.12/site-packages/airflow/example_dags/example_xcomargs.py                                                                  2           0  0.17s           2025-12-31T21:13:46                      13
/home/airflow/.local/lib/python3.12/site-packages/airflow/example_dags/example_latest_only_with_trigger.py                                                  1           0  0.17s           2025-12-31T21:13:47                      12
/home/airflow/.local/lib/python3.12/site-packages/airflow/example_dags/example_branch_operator.py                                                           1           0  0.16s           2025-12-31T21:13:44                      12
/home/airflow/.local/lib/python3.12/site-packages/airflow/example_dags/example_task_group.py                                                                1           0  0.16s           2025-12-31T21:13:33                      10
/home/airflow/.local/lib/python3.12/site-packages/airflow/example_dags/example_setup_teardown_taskflow.py                                                   1           0  0.16s           2025-12-31T21:13:44                      10
/home/airflow/.local/lib/python3.12/site-packages/airflow/example_dags/example_branch_day_of_week_operator.py                                               1           0  0.15s           2025-12-31T21:13:45                      12
/home/airflow/.local/lib/python3.12/site-packages/airflow/example_dags/example_subdag_operator.py                                                           3           0  0.15s           2025-12-31T21:13:38                      20
/home/airflow/.local/lib/python3.12/site-packages/airflow/example_dags/example_dynamic_task_mapping.py                                                      1           0  0.15s           2025-12-31T21:13:40                      10
/home/airflow/.local/lib/python3.12/site-packages/airflow/example_dags/tutorial_taskflow_templates.py                                324  0.02s             1           0  0.15s           2025-12-31T21:13:32                      12
/home/airflow/.local/lib/python3.12/site-packages/airflow/example_dags/example_bash_operator.py                                                             1           0  0.15s           2025-12-31T21:13:40                      12
/home/airflow/.local/lib/python3.12/site-packages/airflow/example_dags/example_passing_params_via_test_command.py                                           1           0  0.15s           2025-12-31T21:13:37                      12
/home/airflow/.local/lib/python3.12/site-packages/airflow/example_dags/example_branch_labels.py                                                             1           0  0.15s           2025-12-31T21:13:44                      12
/home/airflow/.local/lib/python3.12/site-packages/airflow/example_dags/example_trigger_target_dag.py                                                        1           0  0.15s           2025-12-31T21:13:43                      10
/home/airflow/.local/lib/python3.12/site-packages/airflow/example_dags/example_sensors.py                                                                   1           0  0.14s           2025-12-31T21:13:41                      10
/home/airflow/.local/lib/python3.12/site-packages/airflow/example_dags/example_local_kubernetes_executor.py                                                 1           0  0.14s           2025-12-31T21:13:38                      10
/home/airflow/.local/lib/python3.12/site-packages/airflow/example_dags/tutorial.py                                                                          1           0  0.14s           2025-12-31T21:13:38                      12
/home/airflow/.local/lib/python3.12/site-packages/airflow/example_dags/example_skip_dag.py                                                                  1           0  0.14s           2025-12-31T21:13:47                      12
/home/airflow/.local/lib/python3.12/site-packages/airflow/example_dags/example_kubernetes_executor.py                                                       1           0  0.14s           2025-12-31T21:13:35                      10
/home/airflow/.local/lib/python3.12/site-packages/airflow/example_dags/example_python_decorator.py                                                          1           0  0.14s           2025-12-31T21:13:35                      10
/home/airflow/.local/lib/python3.12/site-packages/airflow/example_dags/example_complex.py                                                                   1           0  0.14s           2025-12-31T21:13:35                      10
/home/airflow/.local/lib/python3.12/site-packages/airflow/example_dags/example_short_circuit_operator.py                                                    1           0  0.14s           2025-12-31T21:13:37                      10
/home/airflow/.local/lib/python3.12/site-packages/airflow/example_dags/tutorial_dag.py                                                                      1           0  0.14s           2025-12-31T21:13:42                      10
/home/airflow/.local/lib/python3.12/site-packages/airflow/example_dags/example_bash_decorator.py                                                            1           0  0.14s           2025-12-31T21:13:46                      10
/home/airflow/.local/lib/python3.12/site-packages/airflow/example_dags/example_params_trigger_ui.py                                                         1           0  0.14s           2025-12-31T21:13:37                      10
/home/airflow/.local/lib/python3.12/site-packages/airflow/example_dags/example_python_operator.py                                                           1           0  0.14s           2025-12-31T21:13:35                      10
/home/airflow/.local/lib/python3.12/site-packages/airflow/example_dags/example_external_task_marker_dag.py                           325  0.01s             2           0  0.13s           2025-12-31T21:13:32                      13
/home/airflow/.local/lib/python3.12/site-packages/airflow/example_dags/example_short_circuit_decorator.py                                                   1           0  0.13s           2025-12-31T21:13:45                      10
/home/airflow/.local/lib/python3.12/site-packages/airflow/example_dags/example_branch_python_dop_operator_3.py                                              1           0  0.13s           2025-12-31T21:13:37                      12
/home/airflow/.local/lib/python3.12/site-packages/airflow/example_dags/example_latest_only.py                                                               1           0  0.13s           2025-12-31T21:13:41                      12
/home/airflow/.local/lib/python3.12/site-packages/airflow/example_dags/example_time_delta_sensor_async.py                                                   1           0  0.13s           2025-12-31T21:13:49                      10
/home/airflow/.local/lib/python3.12/site-packages/airflow/example_dags/example_sensor_decorator.py                                                          1           0  0.13s           2025-12-31T21:13:38                      10
/home/airflow/.local/lib/python3.12/site-packages/airflow/example_dags/example_trigger_controller_dag.py                                                    1           0  0.13s           2025-12-31T21:13:35                      12
/home/airflow/.local/lib/python3.12/site-packages/airflow/example_dags/example_dynamic_task_mapping_with_no_taskflow_operators.py                           1           0  0.13s           2025-12-31T21:13:37                      10
/home/airflow/.local/lib/python3.12/site-packages/airflow/example_dags/example_xcom.py                                                                      1           0  0.13s           2025-12-31T21:13:43                      12
/home/airflow/.local/lib/python3.12/site-packages/airflow/example_dags/tutorial_taskflow_api.py                                                             1           0  0.12s           2025-12-31T21:13:45                      10
/home/airflow/.local/lib/python3.12/site-packages/airflow/example_dags/tutorial_taskflow_api_virtualenv.py                                                  1           0  0.12s           2025-12-31T21:13:38                      10
/home/airflow/.local/lib/python3.12/site-packages/airflow/example_dags/example_setup_teardown.py                                                            1           0  0.12s           2025-12-31T21:13:36                      10
/home/airflow/.local/lib/python3.12/site-packages/airflow/example_dags/example_sla_dag.py                                                                   1           0  0.12s           2025-12-31T21:13:47                      12
/home/airflow/.local/lib/python3.12/site-packages/airflow/example_dags/example_display_name.py                                                              1           0  0.11s           2025-12-31T21:13:35                      10
/home/airflow/.local/lib/python3.12/site-packages/airflow/example_dags/plugins/decreasing_priority_weight_strategy.py                                       0           0  0.06s           2025-12-31T21:13:49                       3
/home/airflow/.local/lib/python3.12/site-packages/airflow/example_dags/plugins/event_listener.py                                                            0           0  0.06s           2025-12-31T21:13:48                       3
/home/airflow/.local/lib/python3.12/site-packages/airflow/example_dags/plugins/listener_plugin.py                                                           0           0  0.06s           2025-12-31T21:13:49                       3
/home/airflow/.local/lib/python3.12/site-packages/airflow/example_dags/subdags/subdag.py                                                                    0           0  0.06s           2025-12-31T21:13:47                       3
/home/airflow/.local/lib/python3.12/site-packages/airflow/example_dags/plugins/workday.py                                                                   0           0  0.05s           2025-12-31T21:13:49                       3
================================================================================
[2025-12-31T21:14:33.433+0000] {manager.py:997} INFO - 
================================================================================
DAG File Processing Stats

File Path                                                                                                                            PID  Runtime      # DAGs    # Errors  Last Runtime    Last Run               Last # of DB Queries
---------------------------------------------------------------------------------------------------------------------------------  -----  ---------  --------  ----------  --------------  -------------------  ----------------------
/home/airflow/.local/lib/python3.12/site-packages/airflow/example_dags/example_datasets.py                                                                 10           0  0.94s           2025-12-31T21:14:17                      49
/home/airflow/.local/lib/python3.12/site-packages/airflow/example_dags/example_outlet_event_extra.py                                                        3           0  0.91s           2025-12-31T21:14:15                      19
/home/airflow/.local/lib/python3.12/site-packages/airflow/example_dags/example_dataset_alias_with_no_taskflow.py                                            4           0  0.90s           2025-12-31T21:14:20                      27
/home/airflow/.local/lib/python3.12/site-packages/airflow/example_dags/example_dataset_alias.py                                                             4           0  0.76s           2025-12-31T21:14:19                      27
/home/airflow/.local/lib/python3.12/site-packages/airflow/example_dags/example_inlet_event_extra.py                                                         2           0  0.75s           2025-12-31T21:14:19                      15
/home/airflow/.local/lib/python3.12/site-packages/airflow/example_dags/example_dag_decorator.py                                                             1           0  0.38s           2025-12-31T21:14:06                      32
/home/airflow/.local/lib/python3.12/site-packages/airflow/example_dags/example_branch_datetime_operator.py                                                  3           0  0.27s           2025-12-31T21:14:04                      18
/home/airflow/.local/lib/python3.12/site-packages/airflow/example_dags/tutorial_taskflow_templates.py                                387  0.02s             1           0  0.22s           2025-12-31T21:14:03                      12
/home/airflow/.local/lib/python3.12/site-packages/airflow/example_dags/example_task_group.py                                                                1           0  0.19s           2025-12-31T21:14:04                      10
/home/airflow/.local/lib/python3.12/site-packages/airflow/example_dags/example_branch_operator_decorator.py                                                 1           0  0.19s           2025-12-31T21:14:14                      12
/home/airflow/.local/lib/python3.12/site-packages/airflow/example_dags/example_external_task_marker_dag.py                           388  0.01s             2           0  0.18s           2025-12-31T21:14:03                      13
/home/airflow/.local/lib/python3.12/site-packages/airflow/example_dags/example_params_ui_tutorial.py                                                        1           0  0.18s           2025-12-31T21:14:10                      10
/home/airflow/.local/lib/python3.12/site-packages/airflow/example_dags/example_workday_timetable.py                                                         1           0  0.17s           2025-12-31T21:14:08                      12
/home/airflow/.local/lib/python3.12/site-packages/airflow/example_dags/example_task_group_decorator.py                                                      1           0  0.16s           2025-12-31T21:14:04                      10
/home/airflow/.local/lib/python3.12/site-packages/airflow/example_dags/example_bash_operator.py                                                             1           0  0.16s           2025-12-31T21:14:10                      12
/home/airflow/.local/lib/python3.12/site-packages/airflow/example_dags/example_branch_day_of_week_operator.py                                               1           0  0.15s           2025-12-31T21:14:15                      12
/home/airflow/.local/lib/python3.12/site-packages/airflow/example_dags/example_latest_only_with_trigger.py                                                  1           0  0.15s           2025-12-31T21:14:17                      12
/home/airflow/.local/lib/python3.12/site-packages/airflow/example_dags/example_python_operator.py                                                           1           0  0.15s           2025-12-31T21:14:06                      10
/home/airflow/.local/lib/python3.12/site-packages/airflow/example_dags/example_branch_operator.py                                                           1           0  0.15s           2025-12-31T21:14:15                      12
/home/airflow/.local/lib/python3.12/site-packages/airflow/example_dags/example_nested_branch_dag.py                                                         1           0  0.14s           2025-12-31T21:14:04                      12
/home/airflow/.local/lib/python3.12/site-packages/airflow/example_dags/example_xcom.py                                                                      1           0  0.14s           2025-12-31T21:14:13                      12
/home/airflow/.local/lib/python3.12/site-packages/airflow/example_dags/example_passing_params_via_test_command.py                                           1           0  0.14s           2025-12-31T21:14:07                      12
/home/airflow/.local/lib/python3.12/site-packages/airflow/example_dags/example_trigger_controller_dag.py                                                    1           0  0.14s           2025-12-31T21:14:06                      12
/home/airflow/.local/lib/python3.12/site-packages/airflow/example_dags/example_time_delta_sensor_async.py                                                   1           0  0.14s           2025-12-31T21:14:20                      10
/home/airflow/.local/lib/python3.12/site-packages/airflow/example_dags/example_complex.py                                                                   1           0  0.14s           2025-12-31T21:14:06                      10
/home/airflow/.local/lib/python3.12/site-packages/airflow/example_dags/example_branch_labels.py                                                             1           0  0.14s           2025-12-31T21:14:15                      12
/home/airflow/.local/lib/python3.12/site-packages/airflow/example_dags/example_subdag_operator.py                                                           3           0  0.14s           2025-12-31T21:14:08                      20
/home/airflow/.local/lib/python3.12/site-packages/airflow/example_dags/example_sla_dag.py                                                                   1           0  0.14s           2025-12-31T21:14:18                      12
/home/airflow/.local/lib/python3.12/site-packages/airflow/example_dags/example_bash_decorator.py                                                            1           0  0.14s           2025-12-31T21:14:17                      10
/home/airflow/.local/lib/python3.12/site-packages/airflow/example_dags/tutorial_dag.py                                                                      1           0  0.13s           2025-12-31T21:14:12                      10
/home/airflow/.local/lib/python3.12/site-packages/airflow/example_dags/example_python_decorator.py                                                          1           0  0.13s           2025-12-31T21:14:06                      10
/home/airflow/.local/lib/python3.12/site-packages/airflow/example_dags/example_params_trigger_ui.py                                                         1           0  0.13s           2025-12-31T21:14:07                      10
/home/airflow/.local/lib/python3.12/site-packages/airflow/example_dags/example_sensors.py                                                                   1           0  0.13s           2025-12-31T21:14:11                      10
/home/airflow/.local/lib/python3.12/site-packages/airflow/example_dags/tutorial_taskflow_api.py                                                             1           0  0.13s           2025-12-31T21:14:15                      10
/home/airflow/.local/lib/python3.12/site-packages/airflow/example_dags/example_latest_only.py                                                               1           0  0.13s           2025-12-31T21:14:11                      12
/home/airflow/.local/lib/python3.12/site-packages/airflow/example_dags/example_branch_python_dop_operator_3.py                                              1           0  0.13s           2025-12-31T21:14:07                      12
/home/airflow/.local/lib/python3.12/site-packages/airflow/example_dags/example_skip_dag.py                                                                  1           0  0.13s           2025-12-31T21:14:17                      12
/home/airflow/.local/lib/python3.12/site-packages/airflow/example_dags/example_kubernetes_executor.py                                                       1           0  0.13s           2025-12-31T21:14:05                      10
/home/airflow/.local/lib/python3.12/site-packages/airflow/example_dags/example_setup_teardown_taskflow.py                                                   1           0  0.13s           2025-12-31T21:14:15                      10
/home/airflow/.local/lib/python3.12/site-packages/airflow/example_dags/example_trigger_target_dag.py                                                        1           0  0.13s           2025-12-31T21:14:13                      10
/home/airflow/.local/lib/python3.12/site-packages/airflow/example_dags/example_dynamic_task_mapping.py                                                      1           0  0.12s           2025-12-31T21:14:10                      10
/home/airflow/.local/lib/python3.12/site-packages/airflow/example_dags/example_xcomargs.py                                                                  2           0  0.12s           2025-12-31T21:14:16                      13
/home/airflow/.local/lib/python3.12/site-packages/airflow/example_dags/example_display_name.py                                                              1           0  0.12s           2025-12-31T21:14:05                      10
/home/airflow/.local/lib/python3.12/site-packages/airflow/example_dags/tutorial.py                                                                          1           0  0.12s           2025-12-31T21:14:09                      12
/home/airflow/.local/lib/python3.12/site-packages/airflow/example_dags/example_setup_teardown.py                                                            1           0  0.12s           2025-12-31T21:14:06                      10
/home/airflow/.local/lib/python3.12/site-packages/airflow/example_dags/example_short_circuit_decorator.py                                                   1           0  0.12s           2025-12-31T21:14:15                      10
/home/airflow/.local/lib/python3.12/site-packages/airflow/example_dags/tutorial_objectstorage.py                                                            1           0  0.12s           2025-12-31T21:14:15                      10
/home/airflow/.local/lib/python3.12/site-packages/airflow/example_dags/tutorial_taskflow_api_virtualenv.py                                                  1           0  0.12s           2025-12-31T21:14:09                      10
/home/airflow/.local/lib/python3.12/site-packages/airflow/example_dags/example_sensor_decorator.py                                                          1           0  0.11s           2025-12-31T21:14:08                      10
/home/airflow/.local/lib/python3.12/site-packages/airflow/example_dags/example_short_circuit_operator.py                                                    1           0  0.11s           2025-12-31T21:14:07                      10
/home/airflow/.local/lib/python3.12/site-packages/airflow/example_dags/example_local_kubernetes_executor.py                                                 1           0  0.11s           2025-12-31T21:14:09                      10
/home/airflow/.local/lib/python3.12/site-packages/airflow/example_dags/example_dynamic_task_mapping_with_no_taskflow_operators.py                           1           0  0.11s           2025-12-31T21:14:07                      10
/home/airflow/.local/lib/python3.12/site-packages/airflow/example_dags/plugins/workday.py                                                                   0           0  0.06s           2025-12-31T21:14:20                       3
/home/airflow/.local/lib/python3.12/site-packages/airflow/example_dags/plugins/decreasing_priority_weight_strategy.py                                       0           0  0.06s           2025-12-31T21:14:20                       3
/home/airflow/.local/lib/python3.12/site-packages/airflow/example_dags/subdags/subdag.py                                                                    0           0  0.06s           2025-12-31T21:14:18                       3
/home/airflow/.local/lib/python3.12/site-packages/airflow/example_dags/plugins/listener_plugin.py                                                           0           0  0.06s           2025-12-31T21:14:20                       3
/home/airflow/.local/lib/python3.12/site-packages/airflow/example_dags/plugins/event_listener.py                                                            0           0  0.06s           2025-12-31T21:14:18                       3
================================================================================
[2025-12-31T21:15:04.141+0000] {manager.py:997} INFO - 
================================================================================
DAG File Processing Stats

File Path                                                                                                                            PID  Runtime      # DAGs    # Errors  Last Runtime    Last Run               Last # of DB Queries
---------------------------------------------------------------------------------------------------------------------------------  -----  ---------  --------  ----------  --------------  -------------------  ----------------------
/home/airflow/.local/lib/python3.12/site-packages/airflow/example_dags/example_outlet_event_extra.py                                                        3           0  1.43s           2025-12-31T21:14:47                      19
/home/airflow/.local/lib/python3.12/site-packages/airflow/example_dags/example_datasets.py                                                                 10           0  0.93s           2025-12-31T21:14:49                      49
/home/airflow/.local/lib/python3.12/site-packages/airflow/example_dags/example_dataset_alias_with_no_taskflow.py                                            4           0  0.81s           2025-12-31T21:14:51                      27
/home/airflow/.local/lib/python3.12/site-packages/airflow/example_dags/example_dataset_alias.py                                                             4           0  0.78s           2025-12-31T21:14:51                      27
/home/airflow/.local/lib/python3.12/site-packages/airflow/example_dags/example_inlet_event_extra.py                                                         2           0  0.78s           2025-12-31T21:14:51                      15
/home/airflow/.local/lib/python3.12/site-packages/airflow/example_dags/example_dag_decorator.py                                                             1           0  0.33s           2025-12-31T21:14:36                      32
/home/airflow/.local/lib/python3.12/site-packages/airflow/example_dags/example_branch_operator.py                                                           1           0  0.23s           2025-12-31T21:14:45                      12
/home/airflow/.local/lib/python3.12/site-packages/airflow/example_dags/tutorial_taskflow_api.py                                                             1           0  0.23s           2025-12-31T21:14:46                      10
/home/airflow/.local/lib/python3.12/site-packages/airflow/example_dags/example_branch_operator_decorator.py                                                 1           0  0.23s           2025-12-31T21:14:45                      12
/home/airflow/.local/lib/python3.12/site-packages/airflow/example_dags/example_xcomargs.py                                                                  2           0  0.21s           2025-12-31T21:14:47                      13
/home/airflow/.local/lib/python3.12/site-packages/airflow/example_dags/example_bash_decorator.py                                                            1           0  0.20s           2025-12-31T21:14:47                      10
/home/airflow/.local/lib/python3.12/site-packages/airflow/example_dags/example_xcom.py                                                                      1           0  0.20s           2025-12-31T21:14:44                      12
/home/airflow/.local/lib/python3.12/site-packages/airflow/example_dags/example_branch_labels.py                                                             1           0  0.19s           2025-12-31T21:14:45                      12
/home/airflow/.local/lib/python3.12/site-packages/airflow/example_dags/tutorial_objectstorage.py                                                            1           0  0.19s           2025-12-31T21:14:45                      10
/home/airflow/.local/lib/python3.12/site-packages/airflow/example_dags/example_short_circuit_decorator.py                                                   1           0  0.18s           2025-12-31T21:14:45                      10
/home/airflow/.local/lib/python3.12/site-packages/airflow/example_dags/example_workday_timetable.py                                                         1           0  0.17s           2025-12-31T21:14:39                      12
/home/airflow/.local/lib/python3.12/site-packages/airflow/example_dags/example_trigger_target_dag.py                                                        1           0  0.17s           2025-12-31T21:14:44                      10
/home/airflow/.local/lib/python3.12/site-packages/airflow/example_dags/example_setup_teardown_taskflow.py                                                   1           0  0.17s           2025-12-31T21:14:45                      10
/home/airflow/.local/lib/python3.12/site-packages/airflow/example_dags/example_branch_day_of_week_operator.py                                               1           0  0.17s           2025-12-31T21:14:46                      12
/home/airflow/.local/lib/python3.12/site-packages/airflow/example_dags/example_params_ui_tutorial.py                                                        1           0  0.16s           2025-12-31T21:14:40                      10
/home/airflow/.local/lib/python3.12/site-packages/airflow/example_dags/example_subdag_operator.py                                                           3           0  0.15s           2025-12-31T21:14:39                      20
/home/airflow/.local/lib/python3.12/site-packages/airflow/example_dags/example_branch_python_dop_operator_3.py                                              1           0  0.15s           2025-12-31T21:14:37                      12
/home/airflow/.local/lib/python3.12/site-packages/airflow/example_dags/example_passing_params_via_test_command.py                                           1           0  0.14s           2025-12-31T21:14:37                      12
/home/airflow/.local/lib/python3.12/site-packages/airflow/example_dags/example_nested_branch_dag.py                                                         1           0  0.14s           2025-12-31T21:14:34                      12
/home/airflow/.local/lib/python3.12/site-packages/airflow/example_dags/example_branch_datetime_operator.py                                                  3           0  0.14s           2025-12-31T21:14:34                      18
/home/airflow/.local/lib/python3.12/site-packages/airflow/example_dags/example_kubernetes_executor.py                                                       1           0  0.14s           2025-12-31T21:14:35                      10
/home/airflow/.local/lib/python3.12/site-packages/airflow/example_dags/example_skip_dag.py                                                                  1           0  0.14s           2025-12-31T21:14:48                      12
/home/airflow/.local/lib/python3.12/site-packages/airflow/example_dags/example_task_group_decorator.py                                                      1           0  0.14s           2025-12-31T21:14:34                      10
/home/airflow/.local/lib/python3.12/site-packages/airflow/example_dags/example_display_name.py                                                              1           0  0.14s           2025-12-31T21:14:36                      10
/home/airflow/.local/lib/python3.12/site-packages/airflow/example_dags/example_params_trigger_ui.py                                                         1           0  0.14s           2025-12-31T21:14:37                      10
/home/airflow/.local/lib/python3.12/site-packages/airflow/example_dags/example_bash_operator.py                                                             1           0  0.14s           2025-12-31T21:14:40                      12
/home/airflow/.local/lib/python3.12/site-packages/airflow/example_dags/tutorial_taskflow_templates.py                                450  0.02s             1           0  0.14s           2025-12-31T21:14:33                      12
/home/airflow/.local/lib/python3.12/site-packages/airflow/example_dags/example_sensors.py                                                                   1           0  0.13s           2025-12-31T21:14:41                      10
/home/airflow/.local/lib/python3.12/site-packages/airflow/example_dags/tutorial_dag.py                                                                      1           0  0.13s           2025-12-31T21:14:42                      10
/home/airflow/.local/lib/python3.12/site-packages/airflow/example_dags/example_complex.py                                                                   1           0  0.13s           2025-12-31T21:14:36                      10
/home/airflow/.local/lib/python3.12/site-packages/airflow/example_dags/example_sla_dag.py                                                                   1           0  0.13s           2025-12-31T21:14:48                      12
/home/airflow/.local/lib/python3.12/site-packages/airflow/example_dags/example_sensor_decorator.py                                                          1           0  0.13s           2025-12-31T21:14:39                      10
/home/airflow/.local/lib/python3.12/site-packages/airflow/example_dags/tutorial.py                                                                          1           0  0.12s           2025-12-31T21:14:39                      12
/home/airflow/.local/lib/python3.12/site-packages/airflow/example_dags/example_latest_only_with_trigger.py                                                  1           0  0.12s           2025-12-31T21:14:48                      12
/home/airflow/.local/lib/python3.12/site-packages/airflow/example_dags/example_dynamic_task_mapping_with_no_taskflow_operators.py                           1           0  0.12s           2025-12-31T21:14:38                      10
/home/airflow/.local/lib/python3.12/site-packages/airflow/example_dags/example_latest_only.py                                                               1           0  0.12s           2025-12-31T21:14:41                      12
/home/airflow/.local/lib/python3.12/site-packages/airflow/example_dags/example_python_operator.py                                                           1           0  0.12s           2025-12-31T21:14:36                      10
/home/airflow/.local/lib/python3.12/site-packages/airflow/example_dags/example_local_kubernetes_executor.py                                                 1           0  0.12s           2025-12-31T21:14:39                      10
/home/airflow/.local/lib/python3.12/site-packages/airflow/example_dags/example_time_delta_sensor_async.py                                                   1           0  0.12s           2025-12-31T21:14:51                      10
/home/airflow/.local/lib/python3.12/site-packages/airflow/example_dags/example_trigger_controller_dag.py                                                    1           0  0.12s           2025-12-31T21:14:36                      12
/home/airflow/.local/lib/python3.12/site-packages/airflow/example_dags/example_external_task_marker_dag.py                           451  0.01s             2           0  0.12s           2025-12-31T21:14:33                      13
/home/airflow/.local/lib/python3.12/site-packages/airflow/example_dags/example_dynamic_task_mapping.py                                                      1           0  0.12s           2025-12-31T21:14:40                      10
/home/airflow/.local/lib/python3.12/site-packages/airflow/example_dags/example_python_decorator.py                                                          1           0  0.11s           2025-12-31T21:14:36                      10
/home/airflow/.local/lib/python3.12/site-packages/airflow/example_dags/example_setup_teardown.py                                                            1           0  0.11s           2025-12-31T21:14:36                      10
/home/airflow/.local/lib/python3.12/site-packages/airflow/example_dags/tutorial_taskflow_api_virtualenv.py                                                  1           0  0.11s           2025-12-31T21:14:39                      10
/home/airflow/.local/lib/python3.12/site-packages/airflow/example_dags/example_short_circuit_operator.py                                                    1           0  0.11s           2025-12-31T21:14:37                      10
/home/airflow/.local/lib/python3.12/site-packages/airflow/example_dags/example_task_group.py                                                                1           0  0.11s           2025-12-31T21:14:34                      10
/home/airflow/.local/lib/python3.12/site-packages/airflow/example_dags/plugins/listener_plugin.py                                                           0           0  0.07s           2025-12-31T21:14:51                       3
/home/airflow/.local/lib/python3.12/site-packages/airflow/example_dags/subdags/subdag.py                                                                    0           0  0.06s           2025-12-31T21:14:48                       3
/home/airflow/.local/lib/python3.12/site-packages/airflow/example_dags/plugins/decreasing_priority_weight_strategy.py                                       0           0  0.06s           2025-12-31T21:14:51                       3
/home/airflow/.local/lib/python3.12/site-packages/airflow/example_dags/plugins/workday.py                                                                   0           0  0.06s           2025-12-31T21:14:51                       3
/home/airflow/.local/lib/python3.12/site-packages/airflow/example_dags/plugins/event_listener.py                                                            0           0  0.06s           2025-12-31T21:14:48                       3
================================================================================
[2025-12-31T21:15:34.284+0000] {manager.py:997} INFO - 
================================================================================
DAG File Processing Stats

File Path                                                                                                                            PID  Runtime      # DAGs    # Errors  Last Runtime    Last Run               Last # of DB Queries
---------------------------------------------------------------------------------------------------------------------------------  -----  ---------  --------  ----------  --------------  -------------------  ----------------------
/home/airflow/.local/lib/python3.12/site-packages/airflow/example_dags/example_datasets.py                                                                 10           0  0.86s           2025-12-31T21:15:20                      49
/home/airflow/.local/lib/python3.12/site-packages/airflow/example_dags/example_outlet_event_extra.py                                                        3           0  0.86s           2025-12-31T21:15:18                      19
/home/airflow/.local/lib/python3.12/site-packages/airflow/example_dags/example_dataset_alias_with_no_taskflow.py                                            4           0  0.79s           2025-12-31T21:15:23                      27
/home/airflow/.local/lib/python3.12/site-packages/airflow/example_dags/example_dataset_alias.py                                                             4           0  0.77s           2025-12-31T21:15:22                      27
/home/airflow/.local/lib/python3.12/site-packages/airflow/example_dags/example_inlet_event_extra.py                                                         2           0  0.75s           2025-12-31T21:15:22                      15
/home/airflow/.local/lib/python3.12/site-packages/airflow/example_dags/example_dag_decorator.py                                                             1           0  0.33s           2025-12-31T21:15:06                      32
/home/airflow/.local/lib/python3.12/site-packages/airflow/example_dags/example_branch_day_of_week_operator.py                                               1           0  0.18s           2025-12-31T21:15:16                      12
/home/airflow/.local/lib/python3.12/site-packages/airflow/example_dags/example_branch_operator_decorator.py                                                 1           0  0.18s           2025-12-31T21:15:15                      12
/home/airflow/.local/lib/python3.12/site-packages/airflow/example_dags/example_params_ui_tutorial.py                                                        1           0  0.17s           2025-12-31T21:15:11                      10
/home/airflow/.local/lib/python3.12/site-packages/airflow/example_dags/example_workday_timetable.py                                                         1           0  0.17s           2025-12-31T21:15:09                      12
/home/airflow/.local/lib/python3.12/site-packages/airflow/example_dags/example_latest_only_with_trigger.py                                                  1           0  0.16s           2025-12-31T21:15:19                      12
/home/airflow/.local/lib/python3.12/site-packages/airflow/example_dags/example_branch_datetime_operator.py                                                  3           0  0.16s           2025-12-31T21:15:05                      18
/home/airflow/.local/lib/python3.12/site-packages/airflow/example_dags/example_subdag_operator.py                                                           3           0  0.16s           2025-12-31T21:15:09                      20
/home/airflow/.local/lib/python3.12/site-packages/airflow/example_dags/example_branch_operator.py                                                           1           0  0.15s           2025-12-31T21:15:15                      12
/home/airflow/.local/lib/python3.12/site-packages/airflow/example_dags/example_sla_dag.py                                                                   1           0  0.15s           2025-12-31T21:15:19                      12
/home/airflow/.local/lib/python3.12/site-packages/airflow/example_dags/example_passing_params_via_test_command.py                                           1           0  0.15s           2025-12-31T21:15:08                      12
/home/airflow/.local/lib/python3.12/site-packages/airflow/example_dags/example_sensors.py                                                                   1           0  0.14s           2025-12-31T21:15:12                      10
/home/airflow/.local/lib/python3.12/site-packages/airflow/example_dags/tutorial_taskflow_templates.py                                513  0.01s             1           0  0.14s           2025-12-31T21:15:04                      12
/home/airflow/.local/lib/python3.12/site-packages/airflow/example_dags/example_short_circuit_operator.py                                                    1           0  0.14s           2025-12-31T21:15:08                      10
/home/airflow/.local/lib/python3.12/site-packages/airflow/example_dags/example_bash_operator.py                                                             1           0  0.14s           2025-12-31T21:15:11                      12
/home/airflow/.local/lib/python3.12/site-packages/airflow/example_dags/tutorial_taskflow_api.py                                                             1           0  0.14s           2025-12-31T21:15:17                      10
/home/airflow/.local/lib/python3.12/site-packages/airflow/example_dags/tutorial.py                                                                          1           0  0.14s           2025-12-31T21:15:09                      12
/home/airflow/.local/lib/python3.12/site-packages/airflow/example_dags/tutorial_objectstorage.py                                                            1           0  0.14s           2025-12-31T21:15:15                      10
/home/airflow/.local/lib/python3.12/site-packages/airflow/example_dags/tutorial_dag.py                                                                      1           0  0.14s           2025-12-31T21:15:13                      10
/home/airflow/.local/lib/python3.12/site-packages/airflow/example_dags/example_params_trigger_ui.py                                                         1           0  0.14s           2025-12-31T21:15:08                      10
/home/airflow/.local/lib/python3.12/site-packages/airflow/example_dags/example_nested_branch_dag.py                                                         1           0  0.13s           2025-12-31T21:15:05                      12
/home/airflow/.local/lib/python3.12/site-packages/airflow/example_dags/example_complex.py                                                                   1           0  0.13s           2025-12-31T21:15:07                      10
/home/airflow/.local/lib/python3.12/site-packages/airflow/example_dags/example_branch_python_dop_operator_3.py                                              1           0  0.13s           2025-12-31T21:15:08                      12
/home/airflow/.local/lib/python3.12/site-packages/airflow/example_dags/example_task_group_decorator.py                                                      1           0  0.13s           2025-12-31T21:15:05                      10
/home/airflow/.local/lib/python3.12/site-packages/airflow/example_dags/example_python_operator.py                                                           1           0  0.13s           2025-12-31T21:15:07                      10
/home/airflow/.local/lib/python3.12/site-packages/airflow/example_dags/example_xcom.py                                                                      1           0  0.13s           2025-12-31T21:15:14                      12
/home/airflow/.local/lib/python3.12/site-packages/airflow/example_dags/example_sensor_decorator.py                                                          1           0  0.13s           2025-12-31T21:15:09                      10
/home/airflow/.local/lib/python3.12/site-packages/airflow/example_dags/example_trigger_controller_dag.py                                                    1           0  0.13s           2025-12-31T21:15:07                      12
/home/airflow/.local/lib/python3.12/site-packages/airflow/example_dags/example_skip_dag.py                                                                  1           0  0.13s           2025-12-31T21:15:19                      12
/home/airflow/.local/lib/python3.12/site-packages/airflow/example_dags/example_python_decorator.py                                                          1           0  0.13s           2025-12-31T21:15:06                      10
/home/airflow/.local/lib/python3.12/site-packages/airflow/example_dags/example_xcomargs.py                                                                  2           0  0.13s           2025-12-31T21:15:18                      13
/home/airflow/.local/lib/python3.12/site-packages/airflow/example_dags/example_bash_decorator.py                                                            1           0  0.12s           2025-12-31T21:15:18                      10
/home/airflow/.local/lib/python3.12/site-packages/airflow/example_dags/example_local_kubernetes_executor.py                                                 1           0  0.12s           2025-12-31T21:15:09                      10
/home/airflow/.local/lib/python3.12/site-packages/airflow/example_dags/example_branch_labels.py                                                             1           0  0.12s           2025-12-31T21:15:15                      12
/home/airflow/.local/lib/python3.12/site-packages/airflow/example_dags/example_dynamic_task_mapping.py                                                      1           0  0.12s           2025-12-31T21:15:11                      10
/home/airflow/.local/lib/python3.12/site-packages/airflow/example_dags/example_short_circuit_decorator.py                                                   1           0  0.12s           2025-12-31T21:15:16                      10
/home/airflow/.local/lib/python3.12/site-packages/airflow/example_dags/example_latest_only.py                                                               1           0  0.12s           2025-12-31T21:15:12                      12
/home/airflow/.local/lib/python3.12/site-packages/airflow/example_dags/example_external_task_marker_dag.py                           514  0.01s             2           0  0.12s           2025-12-31T21:15:04                      13
/home/airflow/.local/lib/python3.12/site-packages/airflow/example_dags/example_setup_teardown.py                                                            1           0  0.12s           2025-12-31T21:15:07                      10
/home/airflow/.local/lib/python3.12/site-packages/airflow/example_dags/example_display_name.py                                                              1           0  0.12s           2025-12-31T21:15:06                      10
/home/airflow/.local/lib/python3.12/site-packages/airflow/example_dags/tutorial_taskflow_api_virtualenv.py                                                  1           0  0.12s           2025-12-31T21:15:09                      10
/home/airflow/.local/lib/python3.12/site-packages/airflow/example_dags/example_kubernetes_executor.py                                                       1           0  0.12s           2025-12-31T21:15:06                      10
/home/airflow/.local/lib/python3.12/site-packages/airflow/example_dags/example_time_delta_sensor_async.py                                                   1           0  0.12s           2025-12-31T21:15:22                      10
/home/airflow/.local/lib/python3.12/site-packages/airflow/example_dags/example_task_group.py                                                                1           0  0.11s           2025-12-31T21:15:05                      10
/home/airflow/.local/lib/python3.12/site-packages/airflow/example_dags/example_setup_teardown_taskflow.py                                                   1           0  0.11s           2025-12-31T21:15:15                      10
/home/airflow/.local/lib/python3.12/site-packages/airflow/example_dags/example_dynamic_task_mapping_with_no_taskflow_operators.py                           1           0  0.11s           2025-12-31T21:15:08                      10
/home/airflow/.local/lib/python3.12/site-packages/airflow/example_dags/example_trigger_target_dag.py                                                        1           0  0.11s           2025-12-31T21:15:14                      10
/home/airflow/.local/lib/python3.12/site-packages/airflow/example_dags/plugins/event_listener.py                                                            0           0  0.07s           2025-12-31T21:15:19                       3
/home/airflow/.local/lib/python3.12/site-packages/airflow/example_dags/subdags/subdag.py                                                                    0           0  0.06s           2025-12-31T21:15:19                       3
/home/airflow/.local/lib/python3.12/site-packages/airflow/example_dags/plugins/listener_plugin.py                                                           0           0  0.06s           2025-12-31T21:15:22                       3
/home/airflow/.local/lib/python3.12/site-packages/airflow/example_dags/plugins/workday.py                                                                   0           0  0.06s           2025-12-31T21:15:22                       3
/home/airflow/.local/lib/python3.12/site-packages/airflow/example_dags/plugins/decreasing_priority_weight_strategy.py                                       0           0  0.06s           2025-12-31T21:15:22                       3
================================================================================
[2025-12-31T21:16:04.956+0000] {manager.py:997} INFO - 
================================================================================
DAG File Processing Stats

File Path                                                                                                                            PID  Runtime      # DAGs    # Errors  Last Runtime    Last Run               Last # of DB Queries
---------------------------------------------------------------------------------------------------------------------------------  -----  ---------  --------  ----------  --------------  -------------------  ----------------------
/home/airflow/.local/lib/python3.12/site-packages/airflow/example_dags/example_datasets.py                                                                 10           0  1.80s           2025-12-31T21:15:52                      49
/home/airflow/.local/lib/python3.12/site-packages/airflow/example_dags/example_inlet_event_extra.py                                                         2           0  1.50s           2025-12-31T21:15:53                      15
/home/airflow/.local/lib/python3.12/site-packages/airflow/example_dags/example_dataset_alias.py                                                             4           0  1.44s           2025-12-31T21:15:54                      27
/home/airflow/.local/lib/python3.12/site-packages/airflow/example_dags/example_dataset_alias_with_no_taskflow.py                                            4           0  1.38s           2025-12-31T21:15:55                      27
/home/airflow/.local/lib/python3.12/site-packages/airflow/example_dags/example_outlet_event_extra.py                                                        3           0  1.11s           2025-12-31T21:15:49                      19
/home/airflow/.local/lib/python3.12/site-packages/airflow/example_dags/example_dag_decorator.py                                                             1           0  0.39s           2025-12-31T21:15:37                      32
/home/airflow/.local/lib/python3.12/site-packages/airflow/example_dags/example_skip_dag.py                                                                  1           0  0.23s           2025-12-31T21:15:49                      12
/home/airflow/.local/lib/python3.12/site-packages/airflow/example_dags/example_branch_operator_decorator.py                                                 1           0  0.21s           2025-12-31T21:15:46                      12
/home/airflow/.local/lib/python3.12/site-packages/airflow/example_dags/example_sla_dag.py                                                                   1           0  0.21s           2025-12-31T21:15:50                      12
/home/airflow/.local/lib/python3.12/site-packages/airflow/example_dags/example_workday_timetable.py                                                         1           0  0.20s           2025-12-31T21:15:39                      12
/home/airflow/.local/lib/python3.12/site-packages/airflow/example_dags/example_branch_operator.py                                                           1           0  0.20s           2025-12-31T21:15:46                      12
/home/airflow/.local/lib/python3.12/site-packages/airflow/example_dags/example_latest_only_with_trigger.py                                                  1           0  0.20s           2025-12-31T21:15:49                      12
/home/airflow/.local/lib/python3.12/site-packages/airflow/example_dags/example_subdag_operator.py                                                           3           0  0.20s           2025-12-31T21:15:40                      20
/home/airflow/.local/lib/python3.12/site-packages/airflow/example_dags/tutorial_taskflow_api.py                                                             1           0  0.19s           2025-12-31T21:15:47                      10
/home/airflow/.local/lib/python3.12/site-packages/airflow/example_dags/example_short_circuit_decorator.py                                                   1           0  0.19s           2025-12-31T21:15:46                      10
/home/airflow/.local/lib/python3.12/site-packages/airflow/example_dags/example_branch_labels.py                                                             1           0  0.19s           2025-12-31T21:15:46                      12
/home/airflow/.local/lib/python3.12/site-packages/airflow/example_dags/example_xcomargs.py                                                                  2           0  0.19s           2025-12-31T21:15:48                      13
/home/airflow/.local/lib/python3.12/site-packages/airflow/example_dags/example_setup_teardown_taskflow.py                                                   1           0  0.19s           2025-12-31T21:15:46                      10
/home/airflow/.local/lib/python3.12/site-packages/airflow/example_dags/example_passing_params_via_test_command.py                                           1           0  0.19s           2025-12-31T21:15:38                      12
/home/airflow/.local/lib/python3.12/site-packages/airflow/example_dags/example_xcom.py                                                                      1           0  0.18s           2025-12-31T21:15:44                      12
/home/airflow/.local/lib/python3.12/site-packages/airflow/example_dags/example_params_trigger_ui.py                                                         1           0  0.18s           2025-12-31T21:15:38                      10
/home/airflow/.local/lib/python3.12/site-packages/airflow/example_dags/example_time_delta_sensor_async.py                                                   1           0  0.17s           2025-12-31T21:15:54                      10
/home/airflow/.local/lib/python3.12/site-packages/airflow/example_dags/example_dynamic_task_mapping_with_no_taskflow_operators.py                           1           0  0.17s           2025-12-31T21:15:38                      10
/home/airflow/.local/lib/python3.12/site-packages/airflow/example_dags/tutorial.py                                                                          1           0  0.17s           2025-12-31T21:15:40                      12
/home/airflow/.local/lib/python3.12/site-packages/airflow/example_dags/tutorial_taskflow_api_virtualenv.py                                                  1           0  0.17s           2025-12-31T21:15:40                      10
/home/airflow/.local/lib/python3.12/site-packages/airflow/example_dags/example_bash_decorator.py                                                            1           0  0.17s           2025-12-31T21:15:48                      10
/home/airflow/.local/lib/python3.12/site-packages/airflow/example_dags/example_short_circuit_operator.py                                                    1           0  0.17s           2025-12-31T21:15:38                      10
/home/airflow/.local/lib/python3.12/site-packages/airflow/example_dags/example_branch_datetime_operator.py                                                  3           0  0.17s           2025-12-31T21:15:36                      18
/home/airflow/.local/lib/python3.12/site-packages/airflow/example_dags/example_params_ui_tutorial.py                                                        1           0  0.17s           2025-12-31T21:15:41                      10
/home/airflow/.local/lib/python3.12/site-packages/airflow/example_dags/example_branch_day_of_week_operator.py                                               1           0  0.16s           2025-12-31T21:15:46                      12
/home/airflow/.local/lib/python3.12/site-packages/airflow/example_dags/example_python_operator.py                                                           1           0  0.16s           2025-12-31T21:15:38                      10
/home/airflow/.local/lib/python3.12/site-packages/airflow/example_dags/example_python_decorator.py                                                          1           0  0.16s           2025-12-31T21:15:38                      10
/home/airflow/.local/lib/python3.12/site-packages/airflow/example_dags/example_local_kubernetes_executor.py                                                 1           0  0.15s           2025-12-31T21:15:40                      10
/home/airflow/.local/lib/python3.12/site-packages/airflow/example_dags/example_branch_python_dop_operator_3.py                                              1           0  0.15s           2025-12-31T21:15:38                      12
/home/airflow/.local/lib/python3.12/site-packages/airflow/example_dags/tutorial_objectstorage.py                                                            1           0  0.15s           2025-12-31T21:15:45                      10
/home/airflow/.local/lib/python3.12/site-packages/airflow/example_dags/example_sensors.py                                                                   1           0  0.15s           2025-12-31T21:15:42                      10
/home/airflow/.local/lib/python3.12/site-packages/airflow/example_dags/tutorial_dag.py                                                                      1           0  0.15s           2025-12-31T21:15:43                      10
/home/airflow/.local/lib/python3.12/site-packages/airflow/example_dags/example_latest_only.py                                                               1           0  0.14s           2025-12-31T21:15:42                      12
/home/airflow/.local/lib/python3.12/site-packages/airflow/example_dags/example_sensor_decorator.py                                                          1           0  0.14s           2025-12-31T21:15:39                      10
/home/airflow/.local/lib/python3.12/site-packages/airflow/example_dags/example_trigger_controller_dag.py                                                    1           0  0.14s           2025-12-31T21:15:38                      12
/home/airflow/.local/lib/python3.12/site-packages/airflow/example_dags/example_complex.py                                                                   1           0  0.14s           2025-12-31T21:15:38                      10
/home/airflow/.local/lib/python3.12/site-packages/airflow/example_dags/example_bash_operator.py                                                             1           0  0.14s           2025-12-31T21:15:41                      12
/home/airflow/.local/lib/python3.12/site-packages/airflow/example_dags/example_trigger_target_dag.py                                                        1           0  0.14s           2025-12-31T21:15:44                      10
/home/airflow/.local/lib/python3.12/site-packages/airflow/example_dags/example_kubernetes_executor.py                                                       1           0  0.14s           2025-12-31T21:15:37                      10
/home/airflow/.local/lib/python3.12/site-packages/airflow/example_dags/example_dynamic_task_mapping.py                                                      1           0  0.14s           2025-12-31T21:15:41                      10
/home/airflow/.local/lib/python3.12/site-packages/airflow/example_dags/example_nested_branch_dag.py                                                         1           0  0.14s           2025-12-31T21:15:36                      12
/home/airflow/.local/lib/python3.12/site-packages/airflow/example_dags/example_task_group_decorator.py                                                      1           0  0.13s           2025-12-31T21:15:36                      10
/home/airflow/.local/lib/python3.12/site-packages/airflow/example_dags/example_setup_teardown.py                                                            1           0  0.13s           2025-12-31T21:15:38                      10
/home/airflow/.local/lib/python3.12/site-packages/airflow/example_dags/example_display_name.py                                                              1           0  0.13s           2025-12-31T21:15:37                      10
/home/airflow/.local/lib/python3.12/site-packages/airflow/example_dags/tutorial_taskflow_templates.py                                577  0.01s             1           0  0.13s           2025-12-31T21:15:34                      12
/home/airflow/.local/lib/python3.12/site-packages/airflow/example_dags/example_task_group.py                                                                1           0  0.12s           2025-12-31T21:15:36                      10
/home/airflow/.local/lib/python3.12/site-packages/airflow/example_dags/example_external_task_marker_dag.py                           578  0.01s             2           0  0.11s           2025-12-31T21:15:34                      13
/home/airflow/.local/lib/python3.12/site-packages/airflow/example_dags/plugins/decreasing_priority_weight_strategy.py                                       0           0  0.09s           2025-12-31T21:15:54                       3
/home/airflow/.local/lib/python3.12/site-packages/airflow/example_dags/plugins/listener_plugin.py                                                           0           0  0.09s           2025-12-31T21:15:54                       3
/home/airflow/.local/lib/python3.12/site-packages/airflow/example_dags/plugins/workday.py                                                                   0           0  0.08s           2025-12-31T21:15:54                       3
/home/airflow/.local/lib/python3.12/site-packages/airflow/example_dags/plugins/event_listener.py                                                            0           0  0.08s           2025-12-31T21:15:50                       3
/home/airflow/.local/lib/python3.12/site-packages/airflow/example_dags/subdags/subdag.py                                                                    0           0  0.07s           2025-12-31T21:15:50                       3
================================================================================
[2025-12-31T21:16:35.169+0000] {manager.py:997} INFO - 
================================================================================
DAG File Processing Stats

File Path                                                                                                                            PID  Runtime      # DAGs    # Errors  Last Runtime    Last Run               Last # of DB Queries
---------------------------------------------------------------------------------------------------------------------------------  -----  ---------  --------  ----------  --------------  -------------------  ----------------------
/home/airflow/.local/lib/python3.12/site-packages/airflow/example_dags/example_datasets.py                                                                 10           0  0.98s           2025-12-31T21:16:24                      49
/home/airflow/.local/lib/python3.12/site-packages/airflow/example_dags/example_inlet_event_extra.py                                                         2           0  0.96s           2025-12-31T21:16:24                      15
/home/airflow/.local/lib/python3.12/site-packages/airflow/example_dags/example_dataset_alias_with_no_taskflow.py                                            4           0  0.83s           2025-12-31T21:16:26                      27
/home/airflow/.local/lib/python3.12/site-packages/airflow/example_dags/example_dataset_alias.py                                                             4           0  0.82s           2025-12-31T21:16:25                      27
/home/airflow/.local/lib/python3.12/site-packages/airflow/example_dags/example_outlet_event_extra.py                                                        3           0  0.81s           2025-12-31T21:16:20                      19
/home/airflow/.local/lib/python3.12/site-packages/airflow/example_dags/example_dag_decorator.py                                                             1           0  0.36s           2025-12-31T21:16:08                      32
/home/airflow/.local/lib/python3.12/site-packages/airflow/example_dags/example_branch_datetime_operator.py                                                  3           0  0.22s           2025-12-31T21:16:07                      18
/home/airflow/.local/lib/python3.12/site-packages/airflow/example_dags/example_task_group.py                                                                1           0  0.18s           2025-12-31T21:16:07                      10
/home/airflow/.local/lib/python3.12/site-packages/airflow/example_dags/example_params_ui_tutorial.py                                                        1           0  0.17s           2025-12-31T21:16:12                      10
/home/airflow/.local/lib/python3.12/site-packages/airflow/example_dags/example_workday_timetable.py                                                         1           0  0.17s           2025-12-31T21:16:10                      12
/home/airflow/.local/lib/python3.12/site-packages/airflow/example_dags/example_subdag_operator.py                                                           3           0  0.16s           2025-12-31T21:16:10                      20
/home/airflow/.local/lib/python3.12/site-packages/airflow/example_dags/example_branch_operator_decorator.py                                                 1           0  0.16s           2025-12-31T21:16:16                      12
/home/airflow/.local/lib/python3.12/site-packages/airflow/example_dags/tutorial_dag.py                                                                      1           0  0.16s           2025-12-31T21:16:14                      10
/home/airflow/.local/lib/python3.12/site-packages/airflow/example_dags/example_xcom.py                                                                      1           0  0.15s           2025-12-31T21:16:15                      12
/home/airflow/.local/lib/python3.12/site-packages/airflow/example_dags/example_nested_branch_dag.py                                                         1           0  0.15s           2025-12-31T21:16:07                      12
/home/airflow/.local/lib/python3.12/site-packages/airflow/example_dags/tutorial_taskflow_templates.py                                640  0.02s             1           0  0.15s           2025-12-31T21:16:05                      12
/home/airflow/.local/lib/python3.12/site-packages/airflow/example_dags/example_bash_operator.py                                                             1           0  0.15s           2025-12-31T21:16:12                      12
/home/airflow/.local/lib/python3.12/site-packages/airflow/example_dags/example_branch_operator.py                                                           1           0  0.14s           2025-12-31T21:16:16                      12
/home/airflow/.local/lib/python3.12/site-packages/airflow/example_dags/example_branch_labels.py                                                             1           0  0.14s           2025-12-31T21:16:16                      12
/home/airflow/.local/lib/python3.12/site-packages/airflow/example_dags/example_task_group_decorator.py                                                      1           0  0.14s           2025-12-31T21:16:07                      10
/home/airflow/.local/lib/python3.12/site-packages/airflow/example_dags/example_kubernetes_executor.py                                                       1           0  0.14s           2025-12-31T21:16:08                      10
/home/airflow/.local/lib/python3.12/site-packages/airflow/example_dags/tutorial_taskflow_api.py                                                             1           0  0.14s           2025-12-31T21:16:18                      10
/home/airflow/.local/lib/python3.12/site-packages/airflow/example_dags/example_passing_params_via_test_command.py                                           1           0  0.13s           2025-12-31T21:16:09                      12
/home/airflow/.local/lib/python3.12/site-packages/airflow/example_dags/example_complex.py                                                                   1           0  0.13s           2025-12-31T21:16:09                      10
/home/airflow/.local/lib/python3.12/site-packages/airflow/example_dags/tutorial.py                                                                          1           0  0.13s           2025-12-31T21:16:10                      12
/home/airflow/.local/lib/python3.12/site-packages/airflow/example_dags/example_trigger_target_dag.py                                                        1           0  0.13s           2025-12-31T21:16:15                      10
/home/airflow/.local/lib/python3.12/site-packages/airflow/example_dags/example_trigger_controller_dag.py                                                    1           0  0.13s           2025-12-31T21:16:08                      12
/home/airflow/.local/lib/python3.12/site-packages/airflow/example_dags/example_params_trigger_ui.py                                                         1           0  0.13s           2025-12-31T21:16:09                      10
/home/airflow/.local/lib/python3.12/site-packages/airflow/example_dags/example_sensor_decorator.py                                                          1           0  0.13s           2025-12-31T21:16:10                      10
/home/airflow/.local/lib/python3.12/site-packages/airflow/example_dags/example_xcomargs.py                                                                  2           0  0.13s           2025-12-31T21:16:19                      13
/home/airflow/.local/lib/python3.12/site-packages/airflow/example_dags/example_local_kubernetes_executor.py                                                 1           0  0.13s           2025-12-31T21:16:11                      10
/home/airflow/.local/lib/python3.12/site-packages/airflow/example_dags/example_sla_dag.py                                                                   1           0  0.13s           2025-12-31T21:16:20                      12
/home/airflow/.local/lib/python3.12/site-packages/airflow/example_dags/example_python_decorator.py                                                          1           0  0.13s           2025-12-31T21:16:08                      10
/home/airflow/.local/lib/python3.12/site-packages/airflow/example_dags/example_sensors.py                                                                   1           0  0.13s           2025-12-31T21:16:13                      10
/home/airflow/.local/lib/python3.12/site-packages/airflow/example_dags/example_branch_python_dop_operator_3.py                                              1           0  0.13s           2025-12-31T21:16:09                      12
/home/airflow/.local/lib/python3.12/site-packages/airflow/example_dags/tutorial_taskflow_api_virtualenv.py                                                  1           0  0.13s           2025-12-31T21:16:10                      10
/home/airflow/.local/lib/python3.12/site-packages/airflow/example_dags/example_latest_only.py                                                               1           0  0.12s           2025-12-31T21:16:13                      12
/home/airflow/.local/lib/python3.12/site-packages/airflow/example_dags/example_python_operator.py                                                           1           0  0.12s           2025-12-31T21:16:09                      10
/home/airflow/.local/lib/python3.12/site-packages/airflow/example_dags/example_latest_only_with_trigger.py                                                  1           0  0.12s           2025-12-31T21:16:20                      12
/home/airflow/.local/lib/python3.12/site-packages/airflow/example_dags/example_external_task_marker_dag.py                           641  0.01s             2           0  0.12s           2025-12-31T21:16:05                      13
/home/airflow/.local/lib/python3.12/site-packages/airflow/example_dags/example_setup_teardown_taskflow.py                                                   1           0  0.12s           2025-12-31T21:16:16                      10
/home/airflow/.local/lib/python3.12/site-packages/airflow/example_dags/example_short_circuit_operator.py                                                    1           0  0.12s           2025-12-31T21:16:09                      10
/home/airflow/.local/lib/python3.12/site-packages/airflow/example_dags/example_short_circuit_decorator.py                                                   1           0  0.12s           2025-12-31T21:16:16                      10
/home/airflow/.local/lib/python3.12/site-packages/airflow/example_dags/example_bash_decorator.py                                                            1           0  0.12s           2025-12-31T21:16:19                      10
/home/airflow/.local/lib/python3.12/site-packages/airflow/example_dags/example_branch_day_of_week_operator.py                                               1           0  0.12s           2025-12-31T21:16:16                      12
/home/airflow/.local/lib/python3.12/site-packages/airflow/example_dags/example_skip_dag.py                                                                  1           0  0.12s           2025-12-31T21:16:20                      12
/home/airflow/.local/lib/python3.12/site-packages/airflow/example_dags/example_dynamic_task_mapping_with_no_taskflow_operators.py                           1           0  0.12s           2025-12-31T21:16:09                      10
/home/airflow/.local/lib/python3.12/site-packages/airflow/example_dags/example_dynamic_task_mapping.py                                                      1           0  0.12s           2025-12-31T21:16:12                      10
/home/airflow/.local/lib/python3.12/site-packages/airflow/example_dags/example_display_name.py                                                              1           0  0.11s           2025-12-31T21:16:08                      10
/home/airflow/.local/lib/python3.12/site-packages/airflow/example_dags/example_setup_teardown.py                                                            1           0  0.11s           2025-12-31T21:16:09                      10
/home/airflow/.local/lib/python3.12/site-packages/airflow/example_dags/tutorial_objectstorage.py                                                            1           0  0.11s           2025-12-31T21:16:16                      10
/home/airflow/.local/lib/python3.12/site-packages/airflow/example_dags/example_time_delta_sensor_async.py                                                   1           0  0.11s           2025-12-31T21:16:24                      10
/home/airflow/.local/lib/python3.12/site-packages/airflow/example_dags/plugins/decreasing_priority_weight_strategy.py                                       0           0  0.06s           2025-12-31T21:16:25                       3
/home/airflow/.local/lib/python3.12/site-packages/airflow/example_dags/plugins/workday.py                                                                   0           0  0.06s           2025-12-31T21:16:25                       3
/home/airflow/.local/lib/python3.12/site-packages/airflow/example_dags/plugins/listener_plugin.py                                                           0           0  0.05s           2025-12-31T21:16:25                       3
/home/airflow/.local/lib/python3.12/site-packages/airflow/example_dags/plugins/event_listener.py                                                            0           0  0.05s           2025-12-31T21:16:20                       3
/home/airflow/.local/lib/python3.12/site-packages/airflow/example_dags/subdags/subdag.py                                                                    0           0  0.05s           2025-12-31T21:16:20                       3
================================================================================
[2025-12-31T21:17:00.936+0000] {manager.py:821} INFO - Searching for files in /opt/airflow/dags
[2025-12-31T21:17:00.975+0000] {manager.py:824} INFO - There are 57 files in /opt/airflow/dags
[2025-12-31T21:17:05.772+0000] {manager.py:997} INFO - 
================================================================================
DAG File Processing Stats

File Path                                                                                                                            PID  Runtime      # DAGs    # Errors  Last Runtime    Last Run               Last # of DB Queries
---------------------------------------------------------------------------------------------------------------------------------  -----  ---------  --------  ----------  --------------  -------------------  ----------------------
/home/airflow/.local/lib/python3.12/site-packages/airflow/example_dags/example_datasets.py                                                                 10           0  0.82s           2025-12-31T21:16:55                      49
/home/airflow/.local/lib/python3.12/site-packages/airflow/example_dags/example_dataset_alias.py                                                             4           0  0.81s           2025-12-31T21:16:56                      27
/home/airflow/.local/lib/python3.12/site-packages/airflow/example_dags/example_dataset_alias_with_no_taskflow.py                                            4           0  0.79s           2025-12-31T21:16:56                      27
/home/airflow/.local/lib/python3.12/site-packages/airflow/example_dags/example_outlet_event_extra.py                                                        3           0  0.77s           2025-12-31T21:16:51                      19
/home/airflow/.local/lib/python3.12/site-packages/airflow/example_dags/example_inlet_event_extra.py                                                         2           0  0.77s           2025-12-31T21:16:55                      15
/home/airflow/.local/lib/python3.12/site-packages/airflow/example_dags/example_dag_decorator.py                                                             1           0  0.35s           2025-12-31T21:16:39                      32
/home/airflow/.local/lib/python3.12/site-packages/airflow/example_dags/example_branch_operator.py                                                           1           0  0.30s           2025-12-31T21:16:47                      12
/home/airflow/.local/lib/python3.12/site-packages/airflow/example_dags/example_setup_teardown_taskflow.py                                                   1           0  0.24s           2025-12-31T21:16:47                      10
/home/airflow/.local/lib/python3.12/site-packages/airflow/example_dags/example_branch_operator_decorator.py                                                 1           0  0.22s           2025-12-31T21:16:47                      12
/home/airflow/.local/lib/python3.12/site-packages/airflow/example_dags/tutorial.py                                                                          1           0  0.18s           2025-12-31T21:16:41                      12
/home/airflow/.local/lib/python3.12/site-packages/airflow/example_dags/example_params_ui_tutorial.py                                                        1           0  0.17s           2025-12-31T21:16:42                      10
/home/airflow/.local/lib/python3.12/site-packages/airflow/example_dags/example_subdag_operator.py                                                           3           0  0.16s           2025-12-31T21:16:41                      20
/home/airflow/.local/lib/python3.12/site-packages/airflow/example_dags/example_params_trigger_ui.py                                                         1           0  0.16s           2025-12-31T21:16:39                      10
/home/airflow/.local/lib/python3.12/site-packages/airflow/example_dags/example_workday_timetable.py                                                         1           0  0.15s           2025-12-31T21:16:41                      12
/home/airflow/.local/lib/python3.12/site-packages/airflow/example_dags/example_sensors.py                                                                   1           0  0.15s           2025-12-31T21:16:43                      10
/home/airflow/.local/lib/python3.12/site-packages/airflow/example_dags/example_local_kubernetes_executor.py                                                 1           0  0.15s           2025-12-31T21:16:41                      10
/home/airflow/.local/lib/python3.12/site-packages/airflow/example_dags/example_latest_only_with_trigger.py                                                  1           0  0.15s           2025-12-31T21:16:50                      12
/home/airflow/.local/lib/python3.12/site-packages/airflow/example_dags/tutorial_taskflow_templates.py                                703  0.02s             1           0  0.15s           2025-12-31T21:16:35                      12
/home/airflow/.local/lib/python3.12/site-packages/airflow/example_dags/example_branch_datetime_operator.py                                                  3           0  0.14s           2025-12-31T21:16:37                      18
/home/airflow/.local/lib/python3.12/site-packages/airflow/example_dags/example_xcomargs.py                                                                  2           0  0.14s           2025-12-31T21:16:49                      13
/home/airflow/.local/lib/python3.12/site-packages/airflow/example_dags/example_bash_operator.py                                                             1           0  0.14s           2025-12-31T21:16:42                      12
/home/airflow/.local/lib/python3.12/site-packages/airflow/example_dags/example_nested_branch_dag.py                                                         1           0  0.14s           2025-12-31T21:16:37                      12
/home/airflow/.local/lib/python3.12/site-packages/airflow/example_dags/example_sla_dag.py                                                                   1           0  0.14s           2025-12-31T21:16:51                      12
/home/airflow/.local/lib/python3.12/site-packages/airflow/example_dags/example_skip_dag.py                                                                  1           0  0.14s           2025-12-31T21:16:50                      12
/home/airflow/.local/lib/python3.12/site-packages/airflow/example_dags/example_python_decorator.py                                                          1           0  0.14s           2025-12-31T21:16:39                      10
/home/airflow/.local/lib/python3.12/site-packages/airflow/example_dags/example_bash_decorator.py                                                            1           0  0.14s           2025-12-31T21:16:49                      10
/home/airflow/.local/lib/python3.12/site-packages/airflow/example_dags/example_branch_python_dop_operator_3.py                                              1           0  0.14s           2025-12-31T21:16:39                      12
/home/airflow/.local/lib/python3.12/site-packages/airflow/example_dags/example_latest_only.py                                                               1           0  0.13s           2025-12-31T21:16:43                      12
/home/airflow/.local/lib/python3.12/site-packages/airflow/example_dags/tutorial_dag.py                                                                      1           0  0.13s           2025-12-31T21:16:45                      10
/home/airflow/.local/lib/python3.12/site-packages/airflow/example_dags/example_python_operator.py                                                           1           0  0.13s           2025-12-31T21:16:39                      10
/home/airflow/.local/lib/python3.12/site-packages/airflow/example_dags/example_complex.py                                                                   1           0  0.13s           2025-12-31T21:16:39                      10
/home/airflow/.local/lib/python3.12/site-packages/airflow/example_dags/example_passing_params_via_test_command.py                                           1           0  0.13s           2025-12-31T21:16:39                      12
/home/airflow/.local/lib/python3.12/site-packages/airflow/example_dags/example_kubernetes_executor.py                                                       1           0  0.13s           2025-12-31T21:16:38                      10
/home/airflow/.local/lib/python3.12/site-packages/airflow/example_dags/tutorial_taskflow_api.py                                                             1           0  0.13s           2025-12-31T21:16:48                      10
/home/airflow/.local/lib/python3.12/site-packages/airflow/example_dags/example_task_group_decorator.py                                                      1           0  0.13s           2025-12-31T21:16:37                      10
/home/airflow/.local/lib/python3.12/site-packages/airflow/example_dags/example_short_circuit_decorator.py                                                   1           0  0.13s           2025-12-31T21:16:47                      10
/home/airflow/.local/lib/python3.12/site-packages/airflow/example_dags/example_external_task_marker_dag.py                           704  0.01s             2           0  0.13s           2025-12-31T21:16:35                      13
/home/airflow/.local/lib/python3.12/site-packages/airflow/example_dags/example_branch_labels.py                                                             1           0  0.13s           2025-12-31T21:16:47                      12
/home/airflow/.local/lib/python3.12/site-packages/airflow/example_dags/example_dynamic_task_mapping.py                                                      1           0  0.13s           2025-12-31T21:16:42                      10
/home/airflow/.local/lib/python3.12/site-packages/airflow/example_dags/example_branch_day_of_week_operator.py                                               1           0  0.12s           2025-12-31T21:16:47                      12
/home/airflow/.local/lib/python3.12/site-packages/airflow/example_dags/tutorial_taskflow_api_virtualenv.py                                                  1           0  0.12s           2025-12-31T21:16:41                      10
/home/airflow/.local/lib/python3.12/site-packages/airflow/example_dags/example_short_circuit_operator.py                                                    1           0  0.12s           2025-12-31T21:16:40                      10
/home/airflow/.local/lib/python3.12/site-packages/airflow/example_dags/example_xcom.py                                                                      1           0  0.12s           2025-12-31T21:16:46                      12
/home/airflow/.local/lib/python3.12/site-packages/airflow/example_dags/example_dynamic_task_mapping_with_no_taskflow_operators.py                           1           0  0.12s           2025-12-31T21:16:40                      10
/home/airflow/.local/lib/python3.12/site-packages/airflow/example_dags/example_sensor_decorator.py                                                          1           0  0.12s           2025-12-31T21:16:41                      10
/home/airflow/.local/lib/python3.12/site-packages/airflow/example_dags/tutorial_objectstorage.py                                                            1           0  0.12s           2025-12-31T21:16:47                      10
/home/airflow/.local/lib/python3.12/site-packages/airflow/example_dags/example_trigger_controller_dag.py                                                    1           0  0.11s           2025-12-31T21:16:39                      12
/home/airflow/.local/lib/python3.12/site-packages/airflow/example_dags/example_task_group.py                                                                1           0  0.11s           2025-12-31T21:16:37                      10
/home/airflow/.local/lib/python3.12/site-packages/airflow/example_dags/example_setup_teardown.py                                                            1           0  0.11s           2025-12-31T21:16:39                      10
/home/airflow/.local/lib/python3.12/site-packages/airflow/example_dags/example_display_name.py                                                              1           0  0.11s           2025-12-31T21:16:38                      10
/home/airflow/.local/lib/python3.12/site-packages/airflow/example_dags/example_time_delta_sensor_async.py                                                   1           0  0.11s           2025-12-31T21:16:55                      10
/home/airflow/.local/lib/python3.12/site-packages/airflow/example_dags/example_trigger_target_dag.py                                                        1           0  0.10s           2025-12-31T21:16:46                      10
/home/airflow/.local/lib/python3.12/site-packages/airflow/example_dags/plugins/event_listener.py                                                            0           0  0.06s           2025-12-31T21:16:51                       3
/home/airflow/.local/lib/python3.12/site-packages/airflow/example_dags/subdags/subdag.py                                                                    0           0  0.06s           2025-12-31T21:16:51                       3
/home/airflow/.local/lib/python3.12/site-packages/airflow/example_dags/plugins/workday.py                                                                   0           0  0.06s           2025-12-31T21:16:55                       3
/home/airflow/.local/lib/python3.12/site-packages/airflow/example_dags/plugins/listener_plugin.py                                                           0           0  0.05s           2025-12-31T21:16:56                       3
/home/airflow/.local/lib/python3.12/site-packages/airflow/example_dags/plugins/decreasing_priority_weight_strategy.py                                       0           0  0.05s           2025-12-31T21:16:56                       3
================================================================================
[2025-12-31T21:17:36.383+0000] {manager.py:997} INFO - 
================================================================================
DAG File Processing Stats

File Path                                                                                                                            PID  Runtime      # DAGs    # Errors  Last Runtime    Last Run               Last # of DB Queries
---------------------------------------------------------------------------------------------------------------------------------  -----  ---------  --------  ----------  --------------  -------------------  ----------------------
/home/airflow/.local/lib/python3.12/site-packages/airflow/example_dags/example_outlet_event_extra.py                                                        3           0  1.11s           2025-12-31T21:17:23                      19
/home/airflow/.local/lib/python3.12/site-packages/airflow/example_dags/example_datasets.py                                                                 10           0  0.87s           2025-12-31T21:17:27                      49
/home/airflow/.local/lib/python3.12/site-packages/airflow/example_dags/example_dataset_alias_with_no_taskflow.py                                            4           0  0.83s           2025-12-31T21:17:28                      27
/home/airflow/.local/lib/python3.12/site-packages/airflow/example_dags/example_dataset_alias.py                                                             4           0  0.82s           2025-12-31T21:17:28                      27
/home/airflow/.local/lib/python3.12/site-packages/airflow/example_dags/example_inlet_event_extra.py                                                         2           0  0.78s           2025-12-31T21:17:27                      15
/home/airflow/.local/lib/python3.12/site-packages/airflow/example_dags/example_dag_decorator.py                                                             1           0  0.34s           2025-12-31T21:17:09                      32
/home/airflow/.local/lib/python3.12/site-packages/airflow/example_dags/example_xcomargs.py                                                                  2           0  0.34s           2025-12-31T21:17:20                      13
/home/airflow/.local/lib/python3.12/site-packages/airflow/example_dags/example_bash_decorator.py                                                            1           0  0.32s           2025-12-31T21:17:20                      10
/home/airflow/.local/lib/python3.12/site-packages/airflow/example_dags/example_nested_branch_dag.py                                                         1           0  0.19s           2025-12-31T21:17:08                      12
/home/airflow/.local/lib/python3.12/site-packages/airflow/example_dags/example_branch_python_dop_operator_3.py                                              1           0  0.18s           2025-12-31T21:17:10                      12
/home/airflow/.local/lib/python3.12/site-packages/airflow/example_dags/example_skip_dag.py                                                                  1           0  0.18s           2025-12-31T21:17:21                      12
/home/airflow/.local/lib/python3.12/site-packages/airflow/example_dags/example_branch_operator_decorator.py                                                 1           0  0.18s           2025-12-31T21:17:17                      12
/home/airflow/.local/lib/python3.12/site-packages/airflow/example_dags/example_latest_only_with_trigger.py                                                  1           0  0.18s           2025-12-31T21:17:21                      12
/home/airflow/.local/lib/python3.12/site-packages/airflow/example_dags/example_task_group_decorator.py                                                      1           0  0.18s           2025-12-31T21:17:08                      10
/home/airflow/.local/lib/python3.12/site-packages/airflow/example_dags/example_branch_datetime_operator.py                                                  3           0  0.17s           2025-12-31T21:17:07                      18
/home/airflow/.local/lib/python3.12/site-packages/airflow/example_dags/tutorial_taskflow_api.py                                                             1           0  0.17s           2025-12-31T21:17:19                      10
/home/airflow/.local/lib/python3.12/site-packages/airflow/example_dags/example_sla_dag.py                                                                   1           0  0.16s           2025-12-31T21:17:21                      12
/home/airflow/.local/lib/python3.12/site-packages/airflow/example_dags/example_params_ui_tutorial.py                                                        1           0  0.16s           2025-12-31T21:17:12                      10
/home/airflow/.local/lib/python3.12/site-packages/airflow/example_dags/example_branch_operator.py                                                           1           0  0.16s           2025-12-31T21:17:18                      12
/home/airflow/.local/lib/python3.12/site-packages/airflow/example_dags/example_branch_labels.py                                                             1           0  0.16s           2025-12-31T21:17:18                      12
/home/airflow/.local/lib/python3.12/site-packages/airflow/example_dags/example_workday_timetable.py                                                         1           0  0.16s           2025-12-31T21:17:11                      12
/home/airflow/.local/lib/python3.12/site-packages/airflow/example_dags/example_passing_params_via_test_command.py                                           1           0  0.16s           2025-12-31T21:17:10                      12
/home/airflow/.local/lib/python3.12/site-packages/airflow/example_dags/example_subdag_operator.py                                                           3           0  0.16s           2025-12-31T21:17:11                      20
/home/airflow/.local/lib/python3.12/site-packages/airflow/example_dags/example_branch_day_of_week_operator.py                                               1           0  0.15s           2025-12-31T21:17:18                      12
/home/airflow/.local/lib/python3.12/site-packages/airflow/example_dags/example_python_decorator.py                                                          1           0  0.15s           2025-12-31T21:17:09                      10
/home/airflow/.local/lib/python3.12/site-packages/airflow/example_dags/example_short_circuit_decorator.py                                                   1           0  0.15s           2025-12-31T21:17:18                      10
/home/airflow/.local/lib/python3.12/site-packages/airflow/example_dags/example_sensors.py                                                                   1           0  0.15s           2025-12-31T21:17:14                      10
/home/airflow/.local/lib/python3.12/site-packages/airflow/example_dags/example_params_trigger_ui.py                                                         1           0  0.14s           2025-12-31T21:17:10                      10
/home/airflow/.local/lib/python3.12/site-packages/airflow/example_dags/example_trigger_controller_dag.py                                                    1           0  0.14s           2025-12-31T21:17:09                      12
/home/airflow/.local/lib/python3.12/site-packages/airflow/example_dags/tutorial_objectstorage.py                                                            1           0  0.14s           2025-12-31T21:17:17                      10
/home/airflow/.local/lib/python3.12/site-packages/airflow/example_dags/example_kubernetes_executor.py                                                       1           0  0.14s           2025-12-31T21:17:09                      10
/home/airflow/.local/lib/python3.12/site-packages/airflow/example_dags/example_complex.py                                                                   1           0  0.14s           2025-12-31T21:17:09                      10
/home/airflow/.local/lib/python3.12/site-packages/airflow/example_dags/example_bash_operator.py                                                             1           0  0.14s           2025-12-31T21:17:12                      12
/home/airflow/.local/lib/python3.12/site-packages/airflow/example_dags/example_python_operator.py                                                           1           0  0.14s           2025-12-31T21:17:10                      10
/home/airflow/.local/lib/python3.12/site-packages/airflow/example_dags/tutorial_taskflow_templates.py                                766  0.02s             1           0  0.14s           2025-12-31T21:17:05                      12
/home/airflow/.local/lib/python3.12/site-packages/airflow/example_dags/tutorial.py                                                                          1           0  0.14s           2025-12-31T21:17:11                      12
/home/airflow/.local/lib/python3.12/site-packages/airflow/example_dags/example_setup_teardown_taskflow.py                                                   1           0  0.14s           2025-12-31T21:17:18                      10
/home/airflow/.local/lib/python3.12/site-packages/airflow/example_dags/example_dynamic_task_mapping.py                                                      1           0  0.14s           2025-12-31T21:17:13                      10
/home/airflow/.local/lib/python3.12/site-packages/airflow/example_dags/example_xcom.py                                                                      1           0  0.13s           2025-12-31T21:17:16                      12
/home/airflow/.local/lib/python3.12/site-packages/airflow/example_dags/example_latest_only.py                                                               1           0  0.13s           2025-12-31T21:17:14                      12
/home/airflow/.local/lib/python3.12/site-packages/airflow/example_dags/example_local_kubernetes_executor.py                                                 1           0  0.12s           2025-12-31T21:17:11                      10
/home/airflow/.local/lib/python3.12/site-packages/airflow/example_dags/tutorial_dag.py                                                                      1           0  0.12s           2025-12-31T21:17:15                      10
/home/airflow/.local/lib/python3.12/site-packages/airflow/example_dags/example_task_group.py                                                                1           0  0.12s           2025-12-31T21:17:07                      10
/home/airflow/.local/lib/python3.12/site-packages/airflow/example_dags/example_sensor_decorator.py                                                          1           0  0.12s           2025-12-31T21:17:11                      10
/home/airflow/.local/lib/python3.12/site-packages/airflow/example_dags/example_external_task_marker_dag.py                           767  0.01s             2           0  0.12s           2025-12-31T21:17:05                      13
/home/airflow/.local/lib/python3.12/site-packages/airflow/example_dags/tutorial_taskflow_api_virtualenv.py                                                  1           0  0.12s           2025-12-31T21:17:11                      10
/home/airflow/.local/lib/python3.12/site-packages/airflow/example_dags/example_short_circuit_operator.py                                                    1           0  0.12s           2025-12-31T21:17:10                      10
/home/airflow/.local/lib/python3.12/site-packages/airflow/example_dags/example_display_name.py                                                              1           0  0.12s           2025-12-31T21:17:09                      10
/home/airflow/.local/lib/python3.12/site-packages/airflow/example_dags/example_setup_teardown.py                                                            1           0  0.12s           2025-12-31T21:17:09                      10
/home/airflow/.local/lib/python3.12/site-packages/airflow/example_dags/example_trigger_target_dag.py                                                        1           0  0.11s           2025-12-31T21:17:16                      10
/home/airflow/.local/lib/python3.12/site-packages/airflow/example_dags/example_time_delta_sensor_async.py                                                   1           0  0.11s           2025-12-31T21:17:27                      10
/home/airflow/.local/lib/python3.12/site-packages/airflow/example_dags/example_dynamic_task_mapping_with_no_taskflow_operators.py                           1           0  0.11s           2025-12-31T21:17:10                      10
/home/airflow/.local/lib/python3.12/site-packages/airflow/example_dags/subdags/subdag.py                                                                    0           0  0.08s           2025-12-31T21:17:21                       3
/home/airflow/.local/lib/python3.12/site-packages/airflow/example_dags/plugins/event_listener.py                                                            0           0  0.07s           2025-12-31T21:17:21                       3
/home/airflow/.local/lib/python3.12/site-packages/airflow/example_dags/plugins/workday.py                                                                   0           0  0.06s           2025-12-31T21:17:27                       3
/home/airflow/.local/lib/python3.12/site-packages/airflow/example_dags/plugins/decreasing_priority_weight_strategy.py                                       0           0  0.05s           2025-12-31T21:17:27                       3
/home/airflow/.local/lib/python3.12/site-packages/airflow/example_dags/plugins/listener_plugin.py                                                           0           0  0.05s           2025-12-31T21:17:27                       3
================================================================================
[2025-12-31T21:18:06.689+0000] {manager.py:997} INFO - 
================================================================================
DAG File Processing Stats

File Path                                                                                                                            PID  Runtime      # DAGs    # Errors  Last Runtime    Last Run               Last # of DB Queries
---------------------------------------------------------------------------------------------------------------------------------  -----  ---------  --------  ----------  --------------  -------------------  ----------------------
/home/airflow/.local/lib/python3.12/site-packages/airflow/example_dags/example_datasets.py                                                                 10           0  0.85s           2025-12-31T21:17:58                      49
/home/airflow/.local/lib/python3.12/site-packages/airflow/example_dags/example_dataset_alias.py                                                             4           0  0.85s           2025-12-31T21:17:59                      27
/home/airflow/.local/lib/python3.12/site-packages/airflow/example_dags/example_dataset_alias_with_no_taskflow.py                                            4           0  0.85s           2025-12-31T21:17:59                      27
/home/airflow/.local/lib/python3.12/site-packages/airflow/example_dags/example_outlet_event_extra.py                                                        3           0  0.82s           2025-12-31T21:17:54                      19
/home/airflow/.local/lib/python3.12/site-packages/airflow/example_dags/example_inlet_event_extra.py                                                         2           0  0.78s           2025-12-31T21:17:58                      15
/home/airflow/.local/lib/python3.12/site-packages/airflow/example_dags/example_dag_decorator.py                                                             1           0  0.34s           2025-12-31T21:17:40                      32
/home/airflow/.local/lib/python3.12/site-packages/airflow/example_dags/example_branch_operator_decorator.py                                                 1           0  0.20s           2025-12-31T21:17:47                      12
/home/airflow/.local/lib/python3.12/site-packages/airflow/example_dags/example_branch_operator.py                                                           1           0  0.19s           2025-12-31T21:17:49                      12
/home/airflow/.local/lib/python3.12/site-packages/airflow/example_dags/example_xcom.py                                                                      1           0  0.18s           2025-12-31T21:17:46                      12
/home/airflow/.local/lib/python3.12/site-packages/airflow/example_dags/example_python_operator.py                                                           1           0  0.16s           2025-12-31T21:17:40                      10
/home/airflow/.local/lib/python3.12/site-packages/airflow/example_dags/example_branch_labels.py                                                             1           0  0.16s           2025-12-31T21:17:49                      12
/home/airflow/.local/lib/python3.12/site-packages/airflow/example_dags/example_branch_datetime_operator.py                                                  3           0  0.16s           2025-12-31T21:17:38                      18
/home/airflow/.local/lib/python3.12/site-packages/airflow/example_dags/example_complex.py                                                                   1           0  0.16s           2025-12-31T21:17:40                      10
/home/airflow/.local/lib/python3.12/site-packages/airflow/example_dags/example_branch_day_of_week_operator.py                                               1           0  0.16s           2025-12-31T21:17:49                      12
/home/airflow/.local/lib/python3.12/site-packages/airflow/example_dags/example_trigger_target_dag.py                                                        1           0  0.15s           2025-12-31T21:17:46                      10
/home/airflow/.local/lib/python3.12/site-packages/airflow/example_dags/example_setup_teardown_taskflow.py                                                   1           0  0.15s           2025-12-31T21:17:49                      10
/home/airflow/.local/lib/python3.12/site-packages/airflow/example_dags/example_subdag_operator.py                                                           3           0  0.15s           2025-12-31T21:17:42                      20
/home/airflow/.local/lib/python3.12/site-packages/airflow/example_dags/tutorial_objectstorage.py                                                            1           0  0.15s           2025-12-31T21:17:47                      10
/home/airflow/.local/lib/python3.12/site-packages/airflow/example_dags/example_workday_timetable.py                                                         1           0  0.15s           2025-12-31T21:17:41                      12
/home/airflow/.local/lib/python3.12/site-packages/airflow/example_dags/example_params_ui_tutorial.py                                                        1           0  0.15s           2025-12-31T21:17:43                      10
/home/airflow/.local/lib/python3.12/site-packages/airflow/example_dags/example_short_circuit_decorator.py                                                   1           0  0.15s           2025-12-31T21:17:49                      10
/home/airflow/.local/lib/python3.12/site-packages/airflow/example_dags/example_sla_dag.py                                                                   1           0  0.15s           2025-12-31T21:17:51                      12
/home/airflow/.local/lib/python3.12/site-packages/airflow/example_dags/tutorial_taskflow_api.py                                                             1           0  0.14s           2025-12-31T21:17:49                      10
/home/airflow/.local/lib/python3.12/site-packages/airflow/example_dags/example_trigger_controller_dag.py                                                    1           0  0.14s           2025-12-31T21:17:40                      12
/home/airflow/.local/lib/python3.12/site-packages/airflow/example_dags/example_bash_decorator.py                                                            1           0  0.13s           2025-12-31T21:17:51                      10
/home/airflow/.local/lib/python3.12/site-packages/airflow/example_dags/example_params_trigger_ui.py                                                         1           0  0.13s           2025-12-31T21:17:40                      10
/home/airflow/.local/lib/python3.12/site-packages/airflow/example_dags/tutorial_dag.py                                                                      1           0  0.13s           2025-12-31T21:17:45                      10
/home/airflow/.local/lib/python3.12/site-packages/airflow/example_dags/example_latest_only_with_trigger.py                                                  1           0  0.13s           2025-12-31T21:17:51                      12
/home/airflow/.local/lib/python3.12/site-packages/airflow/example_dags/example_passing_params_via_test_command.py                                           1           0  0.13s           2025-12-31T21:17:40                      12
/home/airflow/.local/lib/python3.12/site-packages/airflow/example_dags/example_xcomargs.py                                                                  2           0  0.13s           2025-12-31T21:17:51                      13
/home/airflow/.local/lib/python3.12/site-packages/airflow/example_dags/example_task_group_decorator.py                                                      1           0  0.13s           2025-12-31T21:17:38                      10
/home/airflow/.local/lib/python3.12/site-packages/airflow/example_dags/example_sensors.py                                                                   1           0  0.13s           2025-12-31T21:17:44                      10
/home/airflow/.local/lib/python3.12/site-packages/airflow/example_dags/example_skip_dag.py                                                                  1           0  0.13s           2025-12-31T21:17:51                      12
/home/airflow/.local/lib/python3.12/site-packages/airflow/example_dags/example_nested_branch_dag.py                                                         1           0  0.13s           2025-12-31T21:17:38                      12
/home/airflow/.local/lib/python3.12/site-packages/airflow/example_dags/example_bash_operator.py                                                             1           0  0.13s           2025-12-31T21:17:43                      12
/home/airflow/.local/lib/python3.12/site-packages/airflow/example_dags/tutorial_taskflow_templates.py                                830  0.01s             1           0  0.13s           2025-12-31T21:17:36                      12
/home/airflow/.local/lib/python3.12/site-packages/airflow/example_dags/example_latest_only.py                                                               1           0  0.13s           2025-12-31T21:17:44                      12
/home/airflow/.local/lib/python3.12/site-packages/airflow/example_dags/example_dynamic_task_mapping_with_no_taskflow_operators.py                           1           0  0.13s           2025-12-31T21:17:40                      10
/home/airflow/.local/lib/python3.12/site-packages/airflow/example_dags/example_branch_python_dop_operator_3.py                                              1           0  0.12s           2025-12-31T21:17:40                      12
/home/airflow/.local/lib/python3.12/site-packages/airflow/example_dags/example_time_delta_sensor_async.py                                                   1           0  0.12s           2025-12-31T21:17:58                      10
/home/airflow/.local/lib/python3.12/site-packages/airflow/example_dags/tutorial.py                                                                          1           0  0.12s           2025-12-31T21:17:42                      12
/home/airflow/.local/lib/python3.12/site-packages/airflow/example_dags/example_python_decorator.py                                                          1           0  0.12s           2025-12-31T21:17:40                      10
/home/airflow/.local/lib/python3.12/site-packages/airflow/example_dags/example_sensor_decorator.py                                                          1           0  0.12s           2025-12-31T21:17:41                      10
/home/airflow/.local/lib/python3.12/site-packages/airflow/example_dags/example_kubernetes_executor.py                                                       1           0  0.12s           2025-12-31T21:17:39                      10
/home/airflow/.local/lib/python3.12/site-packages/airflow/example_dags/example_dynamic_task_mapping.py                                                      1           0  0.12s           2025-12-31T21:17:43                      10
/home/airflow/.local/lib/python3.12/site-packages/airflow/example_dags/example_task_group.py                                                                1           0  0.12s           2025-12-31T21:17:38                      10
/home/airflow/.local/lib/python3.12/site-packages/airflow/example_dags/example_local_kubernetes_executor.py                                                 1           0  0.12s           2025-12-31T21:17:42                      10
/home/airflow/.local/lib/python3.12/site-packages/airflow/example_dags/example_short_circuit_operator.py                                                    1           0  0.11s           2025-12-31T21:17:40                      10
/home/airflow/.local/lib/python3.12/site-packages/airflow/example_dags/example_display_name.py                                                              1           0  0.11s           2025-12-31T21:17:40                      10
/home/airflow/.local/lib/python3.12/site-packages/airflow/example_dags/tutorial_taskflow_api_virtualenv.py                                                  1           0  0.11s           2025-12-31T21:17:42                      10
/home/airflow/.local/lib/python3.12/site-packages/airflow/example_dags/example_setup_teardown.py                                                            1           0  0.11s           2025-12-31T21:17:40                      10
/home/airflow/.local/lib/python3.12/site-packages/airflow/example_dags/example_external_task_marker_dag.py                           831  0.01s             2           0  0.11s           2025-12-31T21:17:36                      13
/home/airflow/.local/lib/python3.12/site-packages/airflow/example_dags/plugins/workday.py                                                                   0           0  0.07s           2025-12-31T21:17:58                       3
/home/airflow/.local/lib/python3.12/site-packages/airflow/example_dags/plugins/listener_plugin.py                                                           0           0  0.06s           2025-12-31T21:17:58                       3
/home/airflow/.local/lib/python3.12/site-packages/airflow/example_dags/subdags/subdag.py                                                                    0           0  0.06s           2025-12-31T21:17:51                       3
/home/airflow/.local/lib/python3.12/site-packages/airflow/example_dags/plugins/decreasing_priority_weight_strategy.py                                       0           0  0.06s           2025-12-31T21:17:58                       3
/home/airflow/.local/lib/python3.12/site-packages/airflow/example_dags/plugins/event_listener.py                                                            0           0  0.06s           2025-12-31T21:17:51                       3
================================================================================
[2025-12-31T21:18:36.874+0000] {manager.py:997} INFO - 
================================================================================
DAG File Processing Stats

File Path                                                                                                                            PID  Runtime      # DAGs    # Errors  Last Runtime    Last Run               Last # of DB Queries
---------------------------------------------------------------------------------------------------------------------------------  -----  ---------  --------  ----------  --------------  -------------------  ----------------------
/home/airflow/.local/lib/python3.12/site-packages/airflow/example_dags/example_datasets.py                                                                 10           0  1.21s           2025-12-31T21:18:30                      49
/home/airflow/.local/lib/python3.12/site-packages/airflow/example_dags/example_dataset_alias.py                                                             4           0  1.17s           2025-12-31T21:18:30                      27
/home/airflow/.local/lib/python3.12/site-packages/airflow/example_dags/example_dataset_alias_with_no_taskflow.py                                            4           0  0.92s           2025-12-31T21:18:31                      27
/home/airflow/.local/lib/python3.12/site-packages/airflow/example_dags/example_outlet_event_extra.py                                                        3           0  0.91s           2025-12-31T21:18:26                      19
/home/airflow/.local/lib/python3.12/site-packages/airflow/example_dags/example_inlet_event_extra.py                                                         2           0  0.78s           2025-12-31T21:18:29                      15
/home/airflow/.local/lib/python3.12/site-packages/airflow/example_dags/example_dag_decorator.py                                                             1           0  0.34s           2025-12-31T21:18:10                      32
/home/airflow/.local/lib/python3.12/site-packages/airflow/example_dags/example_complex.py                                                                   1           0  0.18s           2025-12-31T21:18:10                      10
/home/airflow/.local/lib/python3.12/site-packages/airflow/example_dags/tutorial_taskflow_templates.py                                893  0.01s             1           0  0.17s           2025-12-31T21:18:06                      12
/home/airflow/.local/lib/python3.12/site-packages/airflow/example_dags/example_branch_datetime_operator.py                                                  3           0  0.16s           2025-12-31T21:18:09                      18
/home/airflow/.local/lib/python3.12/site-packages/airflow/example_dags/example_workday_timetable.py                                                         1           0  0.16s           2025-12-31T21:18:12                      12
/home/airflow/.local/lib/python3.12/site-packages/airflow/example_dags/example_params_ui_tutorial.py                                                        1           0  0.16s           2025-12-31T21:18:14                      10
/home/airflow/.local/lib/python3.12/site-packages/airflow/example_dags/example_subdag_operator.py                                                           3           0  0.16s           2025-12-31T21:18:12                      20
/home/airflow/.local/lib/python3.12/site-packages/airflow/example_dags/example_params_trigger_ui.py                                                         1           0  0.15s           2025-12-31T21:18:11                      10
/home/airflow/.local/lib/python3.12/site-packages/airflow/example_dags/example_python_decorator.py                                                          1           0  0.15s           2025-12-31T21:18:10                      10
/home/airflow/.local/lib/python3.12/site-packages/airflow/example_dags/example_external_task_marker_dag.py                           894  0.01s             2           0  0.15s           2025-12-31T21:18:06                      13
/home/airflow/.local/lib/python3.12/site-packages/airflow/example_dags/example_branch_operator.py                                                           1           0  0.15s           2025-12-31T21:18:19                      12
/home/airflow/.local/lib/python3.12/site-packages/airflow/example_dags/example_branch_operator_decorator.py                                                 1           0  0.15s           2025-12-31T21:18:18                      12
/home/airflow/.local/lib/python3.12/site-packages/airflow/example_dags/example_xcom.py                                                                      1           0  0.14s           2025-12-31T21:18:17                      12
/home/airflow/.local/lib/python3.12/site-packages/airflow/example_dags/example_python_operator.py                                                           1           0  0.14s           2025-12-31T21:18:11                      10
/home/airflow/.local/lib/python3.12/site-packages/airflow/example_dags/example_branch_python_dop_operator_3.py                                              1           0  0.14s           2025-12-31T21:18:11                      12
/home/airflow/.local/lib/python3.12/site-packages/airflow/example_dags/example_xcomargs.py                                                                  2           0  0.14s           2025-12-31T21:18:22                      13
/home/airflow/.local/lib/python3.12/site-packages/airflow/example_dags/example_kubernetes_executor.py                                                       1           0  0.14s           2025-12-31T21:18:10                      10
/home/airflow/.local/lib/python3.12/site-packages/airflow/example_dags/example_bash_operator.py                                                             1           0  0.14s           2025-12-31T21:18:14                      12
/home/airflow/.local/lib/python3.12/site-packages/airflow/example_dags/example_sla_dag.py                                                                   1           0  0.13s           2025-12-31T21:18:22                      12
/home/airflow/.local/lib/python3.12/site-packages/airflow/example_dags/example_task_group_decorator.py                                                      1           0  0.13s           2025-12-31T21:18:09                      10
/home/airflow/.local/lib/python3.12/site-packages/airflow/example_dags/example_skip_dag.py                                                                  1           0  0.13s           2025-12-31T21:18:22                      12
/home/airflow/.local/lib/python3.12/site-packages/airflow/example_dags/example_short_circuit_operator.py                                                    1           0  0.13s           2025-12-31T21:18:11                      10
/home/airflow/.local/lib/python3.12/site-packages/airflow/example_dags/example_sensors.py                                                                   1           0  0.13s           2025-12-31T21:18:15                      10
/home/airflow/.local/lib/python3.12/site-packages/airflow/example_dags/example_latest_only_with_trigger.py                                                  1           0  0.13s           2025-12-31T21:18:22                      12
/home/airflow/.local/lib/python3.12/site-packages/airflow/example_dags/example_bash_decorator.py                                                            1           0  0.13s           2025-12-31T21:18:22                      10
/home/airflow/.local/lib/python3.12/site-packages/airflow/example_dags/example_passing_params_via_test_command.py                                           1           0  0.13s           2025-12-31T21:18:11                      12
/home/airflow/.local/lib/python3.12/site-packages/airflow/example_dags/example_dynamic_task_mapping.py                                                      1           0  0.13s           2025-12-31T21:18:14                      10
/home/airflow/.local/lib/python3.12/site-packages/airflow/example_dags/example_branch_day_of_week_operator.py                                               1           0  0.13s           2025-12-31T21:18:20                      12
/home/airflow/.local/lib/python3.12/site-packages/airflow/example_dags/example_nested_branch_dag.py                                                         1           0  0.13s           2025-12-31T21:18:09                      12
/home/airflow/.local/lib/python3.12/site-packages/airflow/example_dags/example_branch_labels.py                                                             1           0  0.13s           2025-12-31T21:18:19                      12
/home/airflow/.local/lib/python3.12/site-packages/airflow/example_dags/example_trigger_controller_dag.py                                                    1           0  0.12s           2025-12-31T21:18:10                      12
/home/airflow/.local/lib/python3.12/site-packages/airflow/example_dags/tutorial_dag.py                                                                      1           0  0.12s           2025-12-31T21:18:16                      10
/home/airflow/.local/lib/python3.12/site-packages/airflow/example_dags/tutorial.py                                                                          1           0  0.12s           2025-12-31T21:18:12                      12
/home/airflow/.local/lib/python3.12/site-packages/airflow/example_dags/example_time_delta_sensor_async.py                                                   1           0  0.12s           2025-12-31T21:18:29                      10
/home/airflow/.local/lib/python3.12/site-packages/airflow/example_dags/example_task_group.py                                                                1           0  0.12s           2025-12-31T21:18:08                      10
/home/airflow/.local/lib/python3.12/site-packages/airflow/example_dags/example_dynamic_task_mapping_with_no_taskflow_operators.py                           1           0  0.12s           2025-12-31T21:18:11                      10
/home/airflow/.local/lib/python3.12/site-packages/airflow/example_dags/example_sensor_decorator.py                                                          1           0  0.12s           2025-12-31T21:18:12                      10
/home/airflow/.local/lib/python3.12/site-packages/airflow/example_dags/example_setup_teardown.py                                                            1           0  0.12s           2025-12-31T21:18:11                      10
/home/airflow/.local/lib/python3.12/site-packages/airflow/example_dags/example_local_kubernetes_executor.py                                                 1           0  0.12s           2025-12-31T21:18:12                      10
/home/airflow/.local/lib/python3.12/site-packages/airflow/example_dags/example_latest_only.py                                                               1           0  0.11s           2025-12-31T21:18:15                      12
/home/airflow/.local/lib/python3.12/site-packages/airflow/example_dags/example_trigger_target_dag.py                                                        1           0  0.11s           2025-12-31T21:18:17                      10
/home/airflow/.local/lib/python3.12/site-packages/airflow/example_dags/example_short_circuit_decorator.py                                                   1           0  0.11s           2025-12-31T21:18:19                      10
/home/airflow/.local/lib/python3.12/site-packages/airflow/example_dags/tutorial_taskflow_api.py                                                             1           0  0.11s           2025-12-31T21:18:20                      10
/home/airflow/.local/lib/python3.12/site-packages/airflow/example_dags/tutorial_taskflow_api_virtualenv.py                                                  1           0  0.11s           2025-12-31T21:18:12                      10
/home/airflow/.local/lib/python3.12/site-packages/airflow/example_dags/example_setup_teardown_taskflow.py                                                   1           0  0.11s           2025-12-31T21:18:19                      10
/home/airflow/.local/lib/python3.12/site-packages/airflow/example_dags/example_display_name.py                                                              1           0  0.11s           2025-12-31T21:18:10                      10
/home/airflow/.local/lib/python3.12/site-packages/airflow/example_dags/tutorial_objectstorage.py                                                            1           0  0.11s           2025-12-31T21:18:18                      10
/home/airflow/.local/lib/python3.12/site-packages/airflow/example_dags/plugins/decreasing_priority_weight_strategy.py                                       0           0  0.07s           2025-12-31T21:18:29                       3
/home/airflow/.local/lib/python3.12/site-packages/airflow/example_dags/subdags/subdag.py                                                                    0           0  0.06s           2025-12-31T21:18:22                       3
/home/airflow/.local/lib/python3.12/site-packages/airflow/example_dags/plugins/listener_plugin.py                                                           0           0  0.06s           2025-12-31T21:18:29                       3
/home/airflow/.local/lib/python3.12/site-packages/airflow/example_dags/plugins/workday.py                                                                   0           0  0.06s           2025-12-31T21:18:29                       3
/home/airflow/.local/lib/python3.12/site-packages/airflow/example_dags/plugins/event_listener.py                                                            0           0  0.06s           2025-12-31T21:18:22                       3
================================================================================
[2025-12-31T21:19:07.241+0000] {manager.py:997} INFO - 
================================================================================
DAG File Processing Stats

File Path                                                                                                                            PID  Runtime      # DAGs    # Errors  Last Runtime    Last Run               Last # of DB Queries
---------------------------------------------------------------------------------------------------------------------------------  -----  ---------  --------  ----------  --------------  -------------------  ----------------------
/home/airflow/.local/lib/python3.12/site-packages/airflow/example_dags/example_datasets.py                                                                 10           0  0.89s           2025-12-31T21:19:01                      49
/home/airflow/.local/lib/python3.12/site-packages/airflow/example_dags/example_dataset_alias.py                                                             4           0  0.86s           2025-12-31T21:19:02                      27
/home/airflow/.local/lib/python3.12/site-packages/airflow/example_dags/example_outlet_event_extra.py                                                        3           0  0.84s           2025-12-31T21:18:57                      19
/home/airflow/.local/lib/python3.12/site-packages/airflow/example_dags/example_dataset_alias_with_no_taskflow.py                                            4           0  0.79s           2025-12-31T21:19:02                      27
/home/airflow/.local/lib/python3.12/site-packages/airflow/example_dags/example_inlet_event_extra.py                                                         2           0  0.79s           2025-12-31T21:19:00                      15
/home/airflow/.local/lib/python3.12/site-packages/airflow/example_dags/example_dag_decorator.py                                                             1           0  0.38s           2025-12-31T21:18:41                      32
/home/airflow/.local/lib/python3.12/site-packages/airflow/example_dags/example_branch_datetime_operator.py                                                  3           0  0.20s           2025-12-31T21:18:39                      18
/home/airflow/.local/lib/python3.12/site-packages/airflow/example_dags/example_task_group.py                                                                1           0  0.20s           2025-12-31T21:18:39                      10
/home/airflow/.local/lib/python3.12/site-packages/airflow/example_dags/example_xcom.py                                                                      1           0  0.19s           2025-12-31T21:18:48                      12
/home/airflow/.local/lib/python3.12/site-packages/airflow/example_dags/example_params_ui_tutorial.py                                                        1           0  0.17s           2025-12-31T21:18:45                      10
/home/airflow/.local/lib/python3.12/site-packages/airflow/example_dags/example_sla_dag.py                                                                   1           0  0.17s           2025-12-31T21:18:53                      12
/home/airflow/.local/lib/python3.12/site-packages/airflow/example_dags/tutorial.py                                                                          1           0  0.17s           2025-12-31T21:18:43                      12
/home/airflow/.local/lib/python3.12/site-packages/airflow/example_dags/example_trigger_target_dag.py                                                        1           0  0.17s           2025-12-31T21:18:48                      10
/home/airflow/.local/lib/python3.12/site-packages/airflow/example_dags/example_kubernetes_executor.py                                                       1           0  0.17s           2025-12-31T21:18:40                      10
/home/airflow/.local/lib/python3.12/site-packages/airflow/example_dags/example_workday_timetable.py                                                         1           0  0.16s           2025-12-31T21:18:43                      12
/home/airflow/.local/lib/python3.12/site-packages/airflow/example_dags/example_skip_dag.py                                                                  1           0  0.16s           2025-12-31T21:18:53                      12
/home/airflow/.local/lib/python3.12/site-packages/airflow/example_dags/example_branch_operator_decorator.py                                                 1           0  0.16s           2025-12-31T21:18:49                      12
/home/airflow/.local/lib/python3.12/site-packages/airflow/example_dags/example_task_group_decorator.py                                                      1           0  0.16s           2025-12-31T21:18:39                      10
/home/airflow/.local/lib/python3.12/site-packages/airflow/example_dags/example_subdag_operator.py                                                           3           0  0.16s           2025-12-31T21:18:43                      20
/home/airflow/.local/lib/python3.12/site-packages/airflow/example_dags/example_nested_branch_dag.py                                                         1           0  0.16s           2025-12-31T21:18:39                      12
/home/airflow/.local/lib/python3.12/site-packages/airflow/example_dags/example_local_kubernetes_executor.py                                                 1           0  0.15s           2025-12-31T21:18:43                      10
/home/airflow/.local/lib/python3.12/site-packages/airflow/example_dags/subdags/subdag.py                                                                    0           0  0.15s           2025-12-31T21:18:53                       3
/home/airflow/.local/lib/python3.12/site-packages/airflow/example_dags/tutorial_taskflow_templates.py                                956  0.03s             1           0  0.15s           2025-12-31T21:18:36                      12
/home/airflow/.local/lib/python3.12/site-packages/airflow/example_dags/example_branch_operator.py                                                           1           0  0.15s           2025-12-31T21:18:50                      12
/home/airflow/.local/lib/python3.12/site-packages/airflow/example_dags/example_xcomargs.py                                                                  2           0  0.15s           2025-12-31T21:18:53                      13
/home/airflow/.local/lib/python3.12/site-packages/airflow/example_dags/example_display_name.py                                                              1           0  0.14s           2025-12-31T21:18:40                      10
/home/airflow/.local/lib/python3.12/site-packages/airflow/example_dags/example_bash_decorator.py                                                            1           0  0.14s           2025-12-31T21:18:53                      10
/home/airflow/.local/lib/python3.12/site-packages/airflow/example_dags/tutorial_dag.py                                                                      1           0  0.14s           2025-12-31T21:18:47                      10
/home/airflow/.local/lib/python3.12/site-packages/airflow/example_dags/example_python_decorator.py                                                          1           0  0.14s           2025-12-31T21:18:41                      10
/home/airflow/.local/lib/python3.12/site-packages/airflow/example_dags/example_bash_operator.py                                                             1           0  0.14s           2025-12-31T21:18:45                      12
/home/airflow/.local/lib/python3.12/site-packages/airflow/example_dags/example_params_trigger_ui.py                                                         1           0  0.14s           2025-12-31T21:18:42                      10
/home/airflow/.local/lib/python3.12/site-packages/airflow/example_dags/tutorial_taskflow_api_virtualenv.py                                                  1           0  0.13s           2025-12-31T21:18:43                      10
/home/airflow/.local/lib/python3.12/site-packages/airflow/example_dags/example_latest_only_with_trigger.py                                                  1           0  0.13s           2025-12-31T21:18:53                      12
/home/airflow/.local/lib/python3.12/site-packages/airflow/example_dags/example_passing_params_via_test_command.py                                           1           0  0.13s           2025-12-31T21:18:42                      12
/home/airflow/.local/lib/python3.12/site-packages/airflow/example_dags/example_sensors.py                                                                   1           0  0.13s           2025-12-31T21:18:46                      10
/home/airflow/.local/lib/python3.12/site-packages/airflow/example_dags/example_external_task_marker_dag.py                           957  0.01s             2           0  0.13s           2025-12-31T21:18:36                      13
/home/airflow/.local/lib/python3.12/site-packages/airflow/example_dags/example_branch_python_dop_operator_3.py                                              1           0  0.13s           2025-12-31T21:18:42                      12
/home/airflow/.local/lib/python3.12/site-packages/airflow/example_dags/example_complex.py                                                                   1           0  0.13s           2025-12-31T21:18:42                      10
/home/airflow/.local/lib/python3.12/site-packages/airflow/example_dags/example_dynamic_task_mapping.py                                                      1           0  0.13s           2025-12-31T21:18:45                      10
/home/airflow/.local/lib/python3.12/site-packages/airflow/example_dags/example_branch_labels.py                                                             1           0  0.13s           2025-12-31T21:18:50                      12
/home/airflow/.local/lib/python3.12/site-packages/airflow/example_dags/example_branch_day_of_week_operator.py                                               1           0  0.13s           2025-12-31T21:18:50                      12
/home/airflow/.local/lib/python3.12/site-packages/airflow/example_dags/example_trigger_controller_dag.py                                                    1           0  0.12s           2025-12-31T21:18:41                      12
/home/airflow/.local/lib/python3.12/site-packages/airflow/example_dags/example_setup_teardown.py                                                            1           0  0.12s           2025-12-31T21:18:42                      10
/home/airflow/.local/lib/python3.12/site-packages/airflow/example_dags/example_python_operator.py                                                           1           0  0.12s           2025-12-31T21:18:42                      10
/home/airflow/.local/lib/python3.12/site-packages/airflow/example_dags/tutorial_objectstorage.py                                                            1           0  0.12s           2025-12-31T21:18:49                      10
/home/airflow/.local/lib/python3.12/site-packages/airflow/example_dags/example_latest_only.py                                                               1           0  0.12s           2025-12-31T21:18:46                      12
/home/airflow/.local/lib/python3.12/site-packages/airflow/example_dags/example_sensor_decorator.py                                                          1           0  0.12s           2025-12-31T21:18:43                      10
/home/airflow/.local/lib/python3.12/site-packages/airflow/example_dags/example_short_circuit_decorator.py                                                   1           0  0.12s           2025-12-31T21:18:50                      10
/home/airflow/.local/lib/python3.12/site-packages/airflow/example_dags/example_short_circuit_operator.py                                                    1           0  0.12s           2025-12-31T21:18:42                      10
/home/airflow/.local/lib/python3.12/site-packages/airflow/example_dags/example_time_delta_sensor_async.py                                                   1           0  0.12s           2025-12-31T21:18:59                      10
/home/airflow/.local/lib/python3.12/site-packages/airflow/example_dags/example_dynamic_task_mapping_with_no_taskflow_operators.py                           1           0  0.11s           2025-12-31T21:18:42                      10
/home/airflow/.local/lib/python3.12/site-packages/airflow/example_dags/example_setup_teardown_taskflow.py                                                   1           0  0.11s           2025-12-31T21:18:50                      10
/home/airflow/.local/lib/python3.12/site-packages/airflow/example_dags/tutorial_taskflow_api.py                                                             1           0  0.11s           2025-12-31T21:18:50                      10
/home/airflow/.local/lib/python3.12/site-packages/airflow/example_dags/plugins/event_listener.py                                                            0           0  0.08s           2025-12-31T21:18:53                       3
/home/airflow/.local/lib/python3.12/site-packages/airflow/example_dags/plugins/decreasing_priority_weight_strategy.py                                       0           0  0.05s           2025-12-31T21:18:59                       3
/home/airflow/.local/lib/python3.12/site-packages/airflow/example_dags/plugins/listener_plugin.py                                                           0           0  0.05s           2025-12-31T21:18:59                       3
/home/airflow/.local/lib/python3.12/site-packages/airflow/example_dags/plugins/workday.py                                                                   0           0  0.05s           2025-12-31T21:18:59                       3
================================================================================
[2025-12-31T21:19:37.729+0000] {manager.py:997} INFO - 
================================================================================
DAG File Processing Stats

File Path                                                                                                                            PID  Runtime      # DAGs    # Errors  Last Runtime    Last Run               Last # of DB Queries
---------------------------------------------------------------------------------------------------------------------------------  -----  ---------  --------  ----------  --------------  -------------------  ----------------------
/home/airflow/.local/lib/python3.12/site-packages/airflow/example_dags/example_dataset_alias_with_no_taskflow.py                                            4           0  0.88s           2025-12-31T21:19:33                      27
/home/airflow/.local/lib/python3.12/site-packages/airflow/example_dags/example_datasets.py                                                                 10           0  0.85s           2025-12-31T21:19:32                      49
/home/airflow/.local/lib/python3.12/site-packages/airflow/example_dags/example_inlet_event_extra.py                                                         2           0  0.80s           2025-12-31T21:19:31                      15
/home/airflow/.local/lib/python3.12/site-packages/airflow/example_dags/example_dataset_alias.py                                                             4           0  0.80s           2025-12-31T21:19:32                      27
/home/airflow/.local/lib/python3.12/site-packages/airflow/example_dags/example_outlet_event_extra.py                                                        3           0  0.77s           2025-12-31T21:19:28                      19
/home/airflow/.local/lib/python3.12/site-packages/airflow/example_dags/example_dag_decorator.py                                                             1           0  0.34s           2025-12-31T21:19:12                      32
/home/airflow/.local/lib/python3.12/site-packages/airflow/example_dags/example_subdag_operator.py                                                           3           0  0.21s           2025-12-31T21:19:14                      20
/home/airflow/.local/lib/python3.12/site-packages/airflow/example_dags/tutorial_taskflow_api_virtualenv.py                                                  1           0  0.20s           2025-12-31T21:19:14                      10
/home/airflow/.local/lib/python3.12/site-packages/airflow/example_dags/example_time_delta_sensor_async.py                                                   1           0  0.19s           2025-12-31T21:19:30                      10
/home/airflow/.local/lib/python3.12/site-packages/airflow/example_dags/tutorial.py                                                                          1           0  0.17s           2025-12-31T21:19:14                      12
/home/airflow/.local/lib/python3.12/site-packages/airflow/example_dags/example_branch_operator.py                                                           1           0  0.16s           2025-12-31T21:19:21                      12
/home/airflow/.local/lib/python3.12/site-packages/airflow/example_dags/example_workday_timetable.py                                                         1           0  0.16s           2025-12-31T21:19:13                      12
/home/airflow/.local/lib/python3.12/site-packages/airflow/example_dags/tutorial_taskflow_templates.py                               1019  0.03s             1           0  0.15s           2025-12-31T21:19:07                      12
/home/airflow/.local/lib/python3.12/site-packages/airflow/example_dags/example_params_ui_tutorial.py                                                        1           0  0.15s           2025-12-31T21:19:15                      10
/home/airflow/.local/lib/python3.12/site-packages/airflow/example_dags/example_branch_datetime_operator.py                                                  3           0  0.15s           2025-12-31T21:19:09                      18
/home/airflow/.local/lib/python3.12/site-packages/airflow/example_dags/example_branch_operator_decorator.py                                                 1           0  0.15s           2025-12-31T21:19:19                      12
/home/airflow/.local/lib/python3.12/site-packages/airflow/example_dags/example_xcomargs.py                                                                  2           0  0.15s           2025-12-31T21:19:23                      13
/home/airflow/.local/lib/python3.12/site-packages/airflow/example_dags/example_sla_dag.py                                                                   1           0  0.14s           2025-12-31T21:19:23                      12
/home/airflow/.local/lib/python3.12/site-packages/airflow/example_dags/example_local_kubernetes_executor.py                                                 1           0  0.14s           2025-12-31T21:19:14                      10
/home/airflow/.local/lib/python3.12/site-packages/airflow/example_dags/example_params_trigger_ui.py                                                         1           0  0.14s           2025-12-31T21:19:12                      10
/home/airflow/.local/lib/python3.12/site-packages/airflow/example_dags/example_skip_dag.py                                                                  1           0  0.14s           2025-12-31T21:19:23                      12
/home/airflow/.local/lib/python3.12/site-packages/airflow/example_dags/example_kubernetes_executor.py                                                       1           0  0.13s           2025-12-31T21:19:10                      10
/home/airflow/.local/lib/python3.12/site-packages/airflow/example_dags/example_passing_params_via_test_command.py                                           1           0  0.13s           2025-12-31T21:19:12                      12
/home/airflow/.local/lib/python3.12/site-packages/airflow/example_dags/example_sensors.py                                                                   1           0  0.13s           2025-12-31T21:19:16                      10
/home/airflow/.local/lib/python3.12/site-packages/airflow/example_dags/example_latest_only_with_trigger.py                                                  1           0  0.13s           2025-12-31T21:19:23                      12
/home/airflow/.local/lib/python3.12/site-packages/airflow/example_dags/example_bash_operator.py                                                             1           0  0.13s           2025-12-31T21:19:15                      12
/home/airflow/.local/lib/python3.12/site-packages/airflow/example_dags/example_xcom.py                                                                      1           0  0.13s           2025-12-31T21:19:18                      12
/home/airflow/.local/lib/python3.12/site-packages/airflow/example_dags/example_nested_branch_dag.py                                                         1           0  0.13s           2025-12-31T21:19:09                      12
/home/airflow/.local/lib/python3.12/site-packages/airflow/example_dags/example_complex.py                                                                   1           0  0.13s           2025-12-31T21:19:12                      10
/home/airflow/.local/lib/python3.12/site-packages/airflow/example_dags/example_branch_day_of_week_operator.py                                               1           0  0.13s           2025-12-31T21:19:21                      12
/home/airflow/.local/lib/python3.12/site-packages/airflow/example_dags/example_dynamic_task_mapping.py                                                      1           0  0.13s           2025-12-31T21:19:15                      10
/home/airflow/.local/lib/python3.12/site-packages/airflow/example_dags/example_branch_labels.py                                                             1           0  0.12s           2025-12-31T21:19:21                      12
/home/airflow/.local/lib/python3.12/site-packages/airflow/example_dags/example_branch_python_dop_operator_3.py                                              1           0  0.12s           2025-12-31T21:19:12                      12
/home/airflow/.local/lib/python3.12/site-packages/airflow/example_dags/example_latest_only.py                                                               1           0  0.12s           2025-12-31T21:19:16                      12
/home/airflow/.local/lib/python3.12/site-packages/airflow/example_dags/example_external_task_marker_dag.py                          1020  0.01s             2           0  0.12s           2025-12-31T21:19:07                      13
/home/airflow/.local/lib/python3.12/site-packages/airflow/example_dags/example_python_decorator.py                                                          1           0  0.12s           2025-12-31T21:19:11                      10
/home/airflow/.local/lib/python3.12/site-packages/airflow/example_dags/example_trigger_controller_dag.py                                                    1           0  0.12s           2025-12-31T21:19:12                      12
/home/airflow/.local/lib/python3.12/site-packages/airflow/example_dags/example_task_group_decorator.py                                                      1           0  0.12s           2025-12-31T21:19:09                      10
/home/airflow/.local/lib/python3.12/site-packages/airflow/example_dags/example_bash_decorator.py                                                            1           0  0.12s           2025-12-31T21:19:23                      10
/home/airflow/.local/lib/python3.12/site-packages/airflow/example_dags/example_python_operator.py                                                           1           0  0.12s           2025-12-31T21:19:12                      10
/home/airflow/.local/lib/python3.12/site-packages/airflow/example_dags/example_short_circuit_operator.py                                                    1           0  0.12s           2025-12-31T21:19:12                      10
/home/airflow/.local/lib/python3.12/site-packages/airflow/example_dags/example_setup_teardown_taskflow.py                                                   1           0  0.12s           2025-12-31T21:19:21                      10
/home/airflow/.local/lib/python3.12/site-packages/airflow/example_dags/tutorial_dag.py                                                                      1           0  0.11s           2025-12-31T21:19:17                      10
/home/airflow/.local/lib/python3.12/site-packages/airflow/example_dags/example_short_circuit_decorator.py                                                   1           0  0.11s           2025-12-31T21:19:21                      10
/home/airflow/.local/lib/python3.12/site-packages/airflow/example_dags/tutorial_taskflow_api.py                                                             1           0  0.11s           2025-12-31T21:19:21                      10
/home/airflow/.local/lib/python3.12/site-packages/airflow/example_dags/example_display_name.py                                                              1           0  0.11s           2025-12-31T21:19:10                      10
/home/airflow/.local/lib/python3.12/site-packages/airflow/example_dags/example_trigger_target_dag.py                                                        1           0  0.11s           2025-12-31T21:19:18                      10
/home/airflow/.local/lib/python3.12/site-packages/airflow/example_dags/example_sensor_decorator.py                                                          1           0  0.11s           2025-12-31T21:19:13                      10
/home/airflow/.local/lib/python3.12/site-packages/airflow/example_dags/example_task_group.py                                                                1           0  0.11s           2025-12-31T21:19:09                      10
/home/airflow/.local/lib/python3.12/site-packages/airflow/example_dags/example_dynamic_task_mapping_with_no_taskflow_operators.py                           1           0  0.11s           2025-12-31T21:19:12                      10
/home/airflow/.local/lib/python3.12/site-packages/airflow/example_dags/example_setup_teardown.py                                                            1           0  0.11s           2025-12-31T21:19:12                      10
/home/airflow/.local/lib/python3.12/site-packages/airflow/example_dags/tutorial_objectstorage.py                                                            1           0  0.10s           2025-12-31T21:19:19                      10
/home/airflow/.local/lib/python3.12/site-packages/airflow/example_dags/plugins/workday.py                                                                   0           0  0.09s           2025-12-31T21:19:29                       3
/home/airflow/.local/lib/python3.12/site-packages/airflow/example_dags/plugins/listener_plugin.py                                                           0           0  0.08s           2025-12-31T21:19:30                       3
/home/airflow/.local/lib/python3.12/site-packages/airflow/example_dags/plugins/event_listener.py                                                            0           0  0.07s           2025-12-31T21:19:23                       3
/home/airflow/.local/lib/python3.12/site-packages/airflow/example_dags/plugins/decreasing_priority_weight_strategy.py                                       0           0  0.07s           2025-12-31T21:19:30                       3
/home/airflow/.local/lib/python3.12/site-packages/airflow/example_dags/subdags/subdag.py                                                                    0           0  0.07s           2025-12-31T21:19:23                       3
================================================================================
[2025-12-31T21:20:07.925+0000] {manager.py:997} INFO - 
================================================================================
DAG File Processing Stats

File Path                                                                                                                            PID  Runtime      # DAGs    # Errors  Last Runtime    Last Run               Last # of DB Queries
---------------------------------------------------------------------------------------------------------------------------------  -----  ---------  --------  ----------  --------------  -------------------  ----------------------
/home/airflow/.local/lib/python3.12/site-packages/airflow/example_dags/example_datasets.py                                                                 10           0  0.82s           2025-12-31T21:20:03                      49
/home/airflow/.local/lib/python3.12/site-packages/airflow/example_dags/example_dataset_alias.py                                                             4           0  0.78s           2025-12-31T21:20:03                      27
/home/airflow/.local/lib/python3.12/site-packages/airflow/example_dags/example_inlet_event_extra.py                                                         2           0  0.78s           2025-12-31T21:20:03                      15
/home/airflow/.local/lib/python3.12/site-packages/airflow/example_dags/example_workday_timetable.py                                                         1           0  0.77s           2025-12-31T21:19:44                      12
/home/airflow/.local/lib/python3.12/site-packages/airflow/example_dags/example_outlet_event_extra.py                                                        3           0  0.77s           2025-12-31T21:20:00                      19
/home/airflow/.local/lib/python3.12/site-packages/airflow/example_dags/example_dataset_alias_with_no_taskflow.py                                            4           0  0.77s           2025-12-31T21:20:04                      27
/home/airflow/.local/lib/python3.12/site-packages/airflow/example_dags/example_subdag_operator.py                                                           3           0  0.68s           2025-12-31T21:19:45                      20
/home/airflow/.local/lib/python3.12/site-packages/airflow/example_dags/example_dag_decorator.py                                                             1           0  0.32s           2025-12-31T21:19:42                      32
/home/airflow/.local/lib/python3.12/site-packages/airflow/example_dags/example_branch_operator.py                                                           1           0  0.22s           2025-12-31T21:19:51                      12
/home/airflow/.local/lib/python3.12/site-packages/airflow/example_dags/example_xcom.py                                                                      1           0  0.20s           2025-12-31T21:19:49                      12
/home/airflow/.local/lib/python3.12/site-packages/airflow/example_dags/example_skip_dag.py                                                                  1           0  0.19s           2025-12-31T21:19:54                      12
/home/airflow/.local/lib/python3.12/site-packages/airflow/example_dags/example_branch_labels.py                                                             1           0  0.19s           2025-12-31T21:19:51                      12
/home/airflow/.local/lib/python3.12/site-packages/airflow/example_dags/example_sla_dag.py                                                                   1           0  0.18s           2025-12-31T21:19:54                      12
/home/airflow/.local/lib/python3.12/site-packages/airflow/example_dags/example_branch_day_of_week_operator.py                                               1           0  0.17s           2025-12-31T21:19:51                      12
/home/airflow/.local/lib/python3.12/site-packages/airflow/example_dags/tutorial_taskflow_api_virtualenv.py                                                  1           0  0.17s           2025-12-31T21:19:45                      10
/home/airflow/.local/lib/python3.12/site-packages/airflow/example_dags/example_branch_operator_decorator.py                                                 1           0  0.17s           2025-12-31T21:19:50                      12
/home/airflow/.local/lib/python3.12/site-packages/airflow/example_dags/example_params_ui_tutorial.py                                                        1           0  0.17s           2025-12-31T21:19:46                      10
/home/airflow/.local/lib/python3.12/site-packages/airflow/example_dags/example_short_circuit_decorator.py                                                   1           0  0.16s           2025-12-31T21:19:51                      10
/home/airflow/.local/lib/python3.12/site-packages/airflow/example_dags/example_setup_teardown_taskflow.py                                                   1           0  0.16s           2025-12-31T21:19:51                      10
/home/airflow/.local/lib/python3.12/site-packages/airflow/example_dags/tutorial_taskflow_templates.py                               1082  0.01s             1           0  0.16s           2025-12-31T21:19:37                      12
/home/airflow/.local/lib/python3.12/site-packages/airflow/example_dags/example_xcomargs.py                                                                  2           0  0.16s           2025-12-31T21:19:53                      13
/home/airflow/.local/lib/python3.12/site-packages/airflow/example_dags/example_trigger_target_dag.py                                                        1           0  0.16s           2025-12-31T21:19:48                      10
/home/airflow/.local/lib/python3.12/site-packages/airflow/example_dags/example_sensor_decorator.py                                                          1           0  0.16s           2025-12-31T21:19:44                      10
/home/airflow/.local/lib/python3.12/site-packages/airflow/example_dags/example_bash_decorator.py                                                            1           0  0.15s           2025-12-31T21:19:53                      10
/home/airflow/.local/lib/python3.12/site-packages/airflow/example_dags/example_latest_only_with_trigger.py                                                  1           0  0.15s           2025-12-31T21:19:53                      12
/home/airflow/.local/lib/python3.12/site-packages/airflow/example_dags/tutorial_taskflow_api.py                                                             1           0  0.15s           2025-12-31T21:19:51                      10
/home/airflow/.local/lib/python3.12/site-packages/airflow/example_dags/example_sensors.py                                                                   1           0  0.15s           2025-12-31T21:19:46                      10
/home/airflow/.local/lib/python3.12/site-packages/airflow/example_dags/tutorial_dag.py                                                                      1           0  0.15s           2025-12-31T21:19:47                      10
/home/airflow/.local/lib/python3.12/site-packages/airflow/example_dags/tutorial.py                                                                          1           0  0.15s           2025-12-31T21:19:45                      12
/home/airflow/.local/lib/python3.12/site-packages/airflow/example_dags/example_bash_operator.py                                                             1           0  0.15s           2025-12-31T21:19:46                      12
/home/airflow/.local/lib/python3.12/site-packages/airflow/example_dags/example_trigger_controller_dag.py                                                    1           0  0.15s           2025-12-31T21:19:42                      12
/home/airflow/.local/lib/python3.12/site-packages/airflow/example_dags/example_branch_datetime_operator.py                                                  3           0  0.14s           2025-12-31T21:19:40                      18
/home/airflow/.local/lib/python3.12/site-packages/airflow/example_dags/example_complex.py                                                                   1           0  0.14s           2025-12-31T21:19:42                      10
/home/airflow/.local/lib/python3.12/site-packages/airflow/example_dags/example_params_trigger_ui.py                                                         1           0  0.14s           2025-12-31T21:19:43                      10
/home/airflow/.local/lib/python3.12/site-packages/airflow/example_dags/example_python_decorator.py                                                          1           0  0.14s           2025-12-31T21:19:42                      10
/home/airflow/.local/lib/python3.12/site-packages/airflow/example_dags/example_latest_only.py                                                               1           0  0.13s           2025-12-31T21:19:46                      12
/home/airflow/.local/lib/python3.12/site-packages/airflow/example_dags/example_python_operator.py                                                           1           0  0.13s           2025-12-31T21:19:42                      10
/home/airflow/.local/lib/python3.12/site-packages/airflow/example_dags/example_passing_params_via_test_command.py                                           1           0  0.13s           2025-12-31T21:19:43                      12
/home/airflow/.local/lib/python3.12/site-packages/airflow/example_dags/example_branch_python_dop_operator_3.py                                              1           0  0.13s           2025-12-31T21:19:42                      12
/home/airflow/.local/lib/python3.12/site-packages/airflow/example_dags/example_local_kubernetes_executor.py                                                 1           0  0.13s           2025-12-31T21:19:45                      10
/home/airflow/.local/lib/python3.12/site-packages/airflow/example_dags/example_dynamic_task_mapping.py                                                      1           0  0.13s           2025-12-31T21:19:46                      10
/home/airflow/.local/lib/python3.12/site-packages/airflow/example_dags/example_kubernetes_executor.py                                                       1           0  0.13s           2025-12-31T21:19:41                      10
/home/airflow/.local/lib/python3.12/site-packages/airflow/example_dags/example_nested_branch_dag.py                                                         1           0  0.13s           2025-12-31T21:19:40                      12
/home/airflow/.local/lib/python3.12/site-packages/airflow/example_dags/example_task_group_decorator.py                                                      1           0  0.13s           2025-12-31T21:19:40                      10
/home/airflow/.local/lib/python3.12/site-packages/airflow/example_dags/tutorial_objectstorage.py                                                            1           0  0.12s           2025-12-31T21:19:50                      10
/home/airflow/.local/lib/python3.12/site-packages/airflow/example_dags/example_external_task_marker_dag.py                          1083  0.01s             2           0  0.12s           2025-12-31T21:19:37                      13
/home/airflow/.local/lib/python3.12/site-packages/airflow/example_dags/example_time_delta_sensor_async.py                                                   1           0  0.12s           2025-12-31T21:20:00                      10
/home/airflow/.local/lib/python3.12/site-packages/airflow/example_dags/example_short_circuit_operator.py                                                    1           0  0.11s           2025-12-31T21:19:43                      10
/home/airflow/.local/lib/python3.12/site-packages/airflow/example_dags/example_dynamic_task_mapping_with_no_taskflow_operators.py                           1           0  0.11s           2025-12-31T21:19:43                      10
/home/airflow/.local/lib/python3.12/site-packages/airflow/example_dags/example_task_group.py                                                                1           0  0.11s           2025-12-31T21:19:39                      10
/home/airflow/.local/lib/python3.12/site-packages/airflow/example_dags/example_display_name.py                                                              1           0  0.10s           2025-12-31T21:19:41                      10
/home/airflow/.local/lib/python3.12/site-packages/airflow/example_dags/example_setup_teardown.py                                                            1           0  0.10s           2025-12-31T21:19:42                      10
/home/airflow/.local/lib/python3.12/site-packages/airflow/example_dags/plugins/event_listener.py                                                            0           0  0.09s           2025-12-31T21:19:54                       3
/home/airflow/.local/lib/python3.12/site-packages/airflow/example_dags/subdags/subdag.py                                                                    0           0  0.08s           2025-12-31T21:19:54                       3
/home/airflow/.local/lib/python3.12/site-packages/airflow/example_dags/plugins/decreasing_priority_weight_strategy.py                                       0           0  0.07s           2025-12-31T21:20:00                       3
/home/airflow/.local/lib/python3.12/site-packages/airflow/example_dags/plugins/listener_plugin.py                                                           0           0  0.06s           2025-12-31T21:20:00                       3
/home/airflow/.local/lib/python3.12/site-packages/airflow/example_dags/plugins/workday.py                                                                   0           0  0.05s           2025-12-31T21:20:00                       3
================================================================================
[2025-12-31T21:20:38.183+0000] {manager.py:997} INFO - 
================================================================================
DAG File Processing Stats

File Path                                                                                                                            PID  Runtime      # DAGs    # Errors  Last Runtime    Last Run               Last # of DB Queries
---------------------------------------------------------------------------------------------------------------------------------  -----  ---------  --------  ----------  --------------  -------------------  ----------------------
/home/airflow/.local/lib/python3.12/site-packages/airflow/example_dags/example_datasets.py                                                                 10           0  1.27s           2025-12-31T21:20:35                      49
/home/airflow/.local/lib/python3.12/site-packages/airflow/example_dags/example_inlet_event_extra.py                                                         2           0  1.15s           2025-12-31T21:20:34                      15
/home/airflow/.local/lib/python3.12/site-packages/airflow/example_dags/example_dataset_alias.py                                                             4           0  1.00s           2025-12-31T21:20:35                      27
/home/airflow/.local/lib/python3.12/site-packages/airflow/example_dags/example_outlet_event_extra.py                                                        3           0  0.96s           2025-12-31T21:20:31                      19
/home/airflow/.local/lib/python3.12/site-packages/airflow/example_dags/example_dataset_alias_with_no_taskflow.py                                            4           0  0.81s           2025-12-31T21:20:36                      27
/home/airflow/.local/lib/python3.12/site-packages/airflow/example_dags/example_dag_decorator.py                                                             1           0  0.34s           2025-12-31T21:20:13                      32
/home/airflow/.local/lib/python3.12/site-packages/airflow/example_dags/example_sensors.py                                                                   1           0  0.32s           2025-12-31T21:20:17                      10
/home/airflow/.local/lib/python3.12/site-packages/airflow/example_dags/example_latest_only.py                                                               1           0  0.27s           2025-12-31T21:20:17                      12
/home/airflow/.local/lib/python3.12/site-packages/airflow/example_dags/example_workday_timetable.py                                                         1           0  0.23s           2025-12-31T21:20:15                      12
/home/airflow/.local/lib/python3.12/site-packages/airflow/example_dags/example_subdag_operator.py                                                           3           0  0.19s           2025-12-31T21:20:15                      20
/home/airflow/.local/lib/python3.12/site-packages/airflow/example_dags/tutorial_taskflow_api_virtualenv.py                                                  1           0  0.19s           2025-12-31T21:20:16                      10
/home/airflow/.local/lib/python3.12/site-packages/airflow/example_dags/example_branch_operator_decorator.py                                                 1           0  0.18s           2025-12-31T21:20:21                      12
/home/airflow/.local/lib/python3.12/site-packages/airflow/example_dags/tutorial.py                                                                          1           0  0.18s           2025-12-31T21:20:16                      12
/home/airflow/.local/lib/python3.12/site-packages/airflow/example_dags/example_branch_datetime_operator.py                                                  3           0  0.17s           2025-12-31T21:20:10                      18
/home/airflow/.local/lib/python3.12/site-packages/airflow/example_dags/example_task_group_decorator.py                                                      1           0  0.16s           2025-12-31T21:20:10                      10
/home/airflow/.local/lib/python3.12/site-packages/airflow/example_dags/example_params_ui_tutorial.py                                                        1           0  0.16s           2025-12-31T21:20:17                      10
/home/airflow/.local/lib/python3.12/site-packages/airflow/example_dags/example_nested_branch_dag.py                                                         1           0  0.16s           2025-12-31T21:20:10                      12
/home/airflow/.local/lib/python3.12/site-packages/airflow/example_dags/example_local_kubernetes_executor.py                                                 1           0  0.16s           2025-12-31T21:20:16                      10
/home/airflow/.local/lib/python3.12/site-packages/airflow/example_dags/example_branch_operator.py                                                           1           0  0.15s           2025-12-31T21:20:22                      12
/home/airflow/.local/lib/python3.12/site-packages/airflow/example_dags/tutorial_dag.py                                                                      1           0  0.15s           2025-12-31T21:20:18                      10
/home/airflow/.local/lib/python3.12/site-packages/airflow/example_dags/example_params_trigger_ui.py                                                         1           0  0.15s           2025-12-31T21:20:13                      10
/home/airflow/.local/lib/python3.12/site-packages/airflow/example_dags/example_complex.py                                                                   1           0  0.15s           2025-12-31T21:20:12                      10
/home/airflow/.local/lib/python3.12/site-packages/airflow/example_dags/example_python_operator.py                                                           1           0  0.14s           2025-12-31T21:20:12                      10
/home/airflow/.local/lib/python3.12/site-packages/airflow/example_dags/example_xcomargs.py                                                                  2           0  0.14s           2025-12-31T21:20:24                      13
/home/airflow/.local/lib/python3.12/site-packages/airflow/example_dags/tutorial_taskflow_templates.py                               1145  0.02s             1           0  0.14s           2025-12-31T21:20:08                      12
/home/airflow/.local/lib/python3.12/site-packages/airflow/example_dags/example_branch_python_dop_operator_3.py                                              1           0  0.14s           2025-12-31T21:20:13                      12
/home/airflow/.local/lib/python3.12/site-packages/airflow/example_dags/example_python_decorator.py                                                          1           0  0.14s           2025-12-31T21:20:12                      10
/home/airflow/.local/lib/python3.12/site-packages/airflow/example_dags/example_sla_dag.py                                                                   1           0  0.14s           2025-12-31T21:20:24                      12
/home/airflow/.local/lib/python3.12/site-packages/airflow/example_dags/example_bash_operator.py                                                             1           0  0.14s           2025-12-31T21:20:17                      12
/home/airflow/.local/lib/python3.12/site-packages/airflow/example_dags/example_kubernetes_executor.py                                                       1           0  0.14s           2025-12-31T21:20:11                      10
/home/airflow/.local/lib/python3.12/site-packages/airflow/example_dags/example_latest_only_with_trigger.py                                                  1           0  0.14s           2025-12-31T21:20:24                      12
/home/airflow/.local/lib/python3.12/site-packages/airflow/example_dags/example_branch_day_of_week_operator.py                                               1           0  0.14s           2025-12-31T21:20:22                      12
/home/airflow/.local/lib/python3.12/site-packages/airflow/example_dags/example_passing_params_via_test_command.py                                           1           0  0.13s           2025-12-31T21:20:13                      12
/home/airflow/.local/lib/python3.12/site-packages/airflow/example_dags/example_sensor_decorator.py                                                          1           0  0.13s           2025-12-31T21:20:14                      10
/home/airflow/.local/lib/python3.12/site-packages/airflow/example_dags/example_skip_dag.py                                                                  1           0  0.13s           2025-12-31T21:20:24                      12
/home/airflow/.local/lib/python3.12/site-packages/airflow/example_dags/example_branch_labels.py                                                             1           0  0.13s           2025-12-31T21:20:22                      12
/home/airflow/.local/lib/python3.12/site-packages/airflow/example_dags/example_dynamic_task_mapping.py                                                      1           0  0.13s           2025-12-31T21:20:17                      10
/home/airflow/.local/lib/python3.12/site-packages/airflow/example_dags/tutorial_objectstorage.py                                                            1           0  0.13s           2025-12-31T21:20:21                      10
/home/airflow/.local/lib/python3.12/site-packages/airflow/example_dags/example_external_task_marker_dag.py                          1146  0.01s             2           0  0.13s           2025-12-31T21:20:08                      13
/home/airflow/.local/lib/python3.12/site-packages/airflow/example_dags/example_short_circuit_operator.py                                                    1           0  0.12s           2025-12-31T21:20:13                      10
/home/airflow/.local/lib/python3.12/site-packages/airflow/example_dags/example_time_delta_sensor_async.py                                                   1           0  0.12s           2025-12-31T21:20:31                      10
/home/airflow/.local/lib/python3.12/site-packages/airflow/example_dags/example_short_circuit_decorator.py                                                   1           0  0.12s           2025-12-31T21:20:22                      10
/home/airflow/.local/lib/python3.12/site-packages/airflow/example_dags/example_bash_decorator.py                                                            1           0  0.12s           2025-12-31T21:20:24                      10
/home/airflow/.local/lib/python3.12/site-packages/airflow/example_dags/example_xcom.py                                                                      1           0  0.12s           2025-12-31T21:20:19                      12
/home/airflow/.local/lib/python3.12/site-packages/airflow/example_dags/example_setup_teardown.py                                                            1           0  0.12s           2025-12-31T21:20:12                      10
/home/airflow/.local/lib/python3.12/site-packages/airflow/example_dags/example_task_group.py                                                                1           0  0.12s           2025-12-31T21:20:10                      10
/home/airflow/.local/lib/python3.12/site-packages/airflow/example_dags/example_setup_teardown_taskflow.py                                                   1           0  0.12s           2025-12-31T21:20:22                      10
/home/airflow/.local/lib/python3.12/site-packages/airflow/example_dags/example_trigger_controller_dag.py                                                    1           0  0.12s           2025-12-31T21:20:12                      12
/home/airflow/.local/lib/python3.12/site-packages/airflow/example_dags/example_dynamic_task_mapping_with_no_taskflow_operators.py                           1           0  0.12s           2025-12-31T21:20:13                      10
/home/airflow/.local/lib/python3.12/site-packages/airflow/example_dags/example_display_name.py                                                              1           0  0.11s           2025-12-31T21:20:11                      10
/home/airflow/.local/lib/python3.12/site-packages/airflow/example_dags/tutorial_taskflow_api.py                                                             1           0  0.11s           2025-12-31T21:20:22                      10
/home/airflow/.local/lib/python3.12/site-packages/airflow/example_dags/example_trigger_target_dag.py                                                        1           0  0.10s           2025-12-31T21:20:19                      10
/home/airflow/.local/lib/python3.12/site-packages/airflow/example_dags/plugins/decreasing_priority_weight_strategy.py                                       0           0  0.07s           2025-12-31T21:20:31                       3
/home/airflow/.local/lib/python3.12/site-packages/airflow/example_dags/plugins/listener_plugin.py                                                           0           0  0.07s           2025-12-31T21:20:31                       3
/home/airflow/.local/lib/python3.12/site-packages/airflow/example_dags/plugins/workday.py                                                                   0           0  0.07s           2025-12-31T21:20:31                       3
/home/airflow/.local/lib/python3.12/site-packages/airflow/example_dags/plugins/event_listener.py                                                            0           0  0.07s           2025-12-31T21:20:24                       3
/home/airflow/.local/lib/python3.12/site-packages/airflow/example_dags/subdags/subdag.py                                                                    0           0  0.06s           2025-12-31T21:20:24                       3
================================================================================
[2025-12-31T21:21:08.745+0000] {manager.py:997} INFO - 
================================================================================
DAG File Processing Stats

File Path                                                                                                                            PID  Runtime      # DAGs    # Errors  Last Runtime    Last Run               Last # of DB Queries
---------------------------------------------------------------------------------------------------------------------------------  -----  ---------  --------  ----------  --------------  -------------------  ----------------------
/home/airflow/.local/lib/python3.12/site-packages/airflow/example_dags/example_inlet_event_extra.py                                                         2           0  0.84s           2025-12-31T21:21:05                      15
/home/airflow/.local/lib/python3.12/site-packages/airflow/example_dags/example_dataset_alias_with_no_taskflow.py                                            4           0  0.81s           2025-12-31T21:21:07                      27
/home/airflow/.local/lib/python3.12/site-packages/airflow/example_dags/example_datasets.py                                                                 10           0  0.81s           2025-12-31T21:21:06                      49
/home/airflow/.local/lib/python3.12/site-packages/airflow/example_dags/example_outlet_event_extra.py                                                        3           0  0.80s           2025-12-31T21:21:03                      19
/home/airflow/.local/lib/python3.12/site-packages/airflow/example_dags/example_dataset_alias.py                                                             4           0  0.78s           2025-12-31T21:21:06                      27
/home/airflow/.local/lib/python3.12/site-packages/airflow/example_dags/example_dag_decorator.py                                                             1           0  0.38s           2025-12-31T21:20:44                      32
/home/airflow/.local/lib/python3.12/site-packages/airflow/example_dags/example_workday_timetable.py                                                         1           0  0.19s           2025-12-31T21:20:46                      12
/home/airflow/.local/lib/python3.12/site-packages/airflow/example_dags/example_passing_params_via_test_command.py                                           1           0  0.18s           2025-12-31T21:20:44                      12
/home/airflow/.local/lib/python3.12/site-packages/airflow/example_dags/example_kubernetes_executor.py                                                       1           0  0.16s           2025-12-31T21:20:41                      10
/home/airflow/.local/lib/python3.12/site-packages/airflow/example_dags/example_branch_operator.py                                                           1           0  0.16s           2025-12-31T21:20:52                      12
/home/airflow/.local/lib/python3.12/site-packages/airflow/example_dags/example_subdag_operator.py                                                           3           0  0.16s           2025-12-31T21:20:46                      20
/home/airflow/.local/lib/python3.12/site-packages/airflow/example_dags/example_branch_datetime_operator.py                                                  3           0  0.16s           2025-12-31T21:20:40                      18
/home/airflow/.local/lib/python3.12/site-packages/airflow/example_dags/example_params_trigger_ui.py                                                         1           0  0.15s           2025-12-31T21:20:44                      10
/home/airflow/.local/lib/python3.12/site-packages/airflow/example_dags/example_python_decorator.py                                                          1           0  0.15s           2025-12-31T21:20:42                      10
/home/airflow/.local/lib/python3.12/site-packages/airflow/example_dags/example_branch_operator_decorator.py                                                 1           0  0.15s           2025-12-31T21:20:51                      12
/home/airflow/.local/lib/python3.12/site-packages/airflow/example_dags/example_params_ui_tutorial.py                                                        1           0  0.15s           2025-12-31T21:20:48                      10
/home/airflow/.local/lib/python3.12/site-packages/airflow/example_dags/tutorial_taskflow_templates.py                               1208  0.01s             1           0  0.14s           2025-12-31T21:20:38                      12
/home/airflow/.local/lib/python3.12/site-packages/airflow/example_dags/example_display_name.py                                                              1           0  0.14s           2025-12-31T21:20:41                      10
/home/airflow/.local/lib/python3.12/site-packages/airflow/example_dags/example_complex.py                                                                   1           0  0.14s           2025-12-31T21:20:43                      10
/home/airflow/.local/lib/python3.12/site-packages/airflow/example_dags/example_bash_operator.py                                                             1           0  0.14s           2025-12-31T21:20:48                      12
/home/airflow/.local/lib/python3.12/site-packages/airflow/example_dags/example_branch_day_of_week_operator.py                                               1           0  0.14s           2025-12-31T21:20:53                      12
/home/airflow/.local/lib/python3.12/site-packages/airflow/example_dags/example_short_circuit_operator.py                                                    1           0  0.14s           2025-12-31T21:20:44                      10
/home/airflow/.local/lib/python3.12/site-packages/airflow/example_dags/example_nested_branch_dag.py                                                         1           0  0.14s           2025-12-31T21:20:40                      12
/home/airflow/.local/lib/python3.12/site-packages/airflow/example_dags/example_task_group_decorator.py                                                      1           0  0.14s           2025-12-31T21:20:40                      10
/home/airflow/.local/lib/python3.12/site-packages/airflow/example_dags/example_python_operator.py                                                           1           0  0.14s           2025-12-31T21:20:43                      10
/home/airflow/.local/lib/python3.12/site-packages/airflow/example_dags/example_xcomargs.py                                                                  2           0  0.14s           2025-12-31T21:20:55                      13
/home/airflow/.local/lib/python3.12/site-packages/airflow/example_dags/example_branch_python_dop_operator_3.py                                              1           0  0.14s           2025-12-31T21:20:44                      12
/home/airflow/.local/lib/python3.12/site-packages/airflow/example_dags/example_latest_only_with_trigger.py                                                  1           0  0.14s           2025-12-31T21:20:55                      12
/home/airflow/.local/lib/python3.12/site-packages/airflow/example_dags/tutorial.py                                                                          1           0  0.13s           2025-12-31T21:20:47                      12
/home/airflow/.local/lib/python3.12/site-packages/airflow/example_dags/example_sla_dag.py                                                                   1           0  0.13s           2025-12-31T21:20:55                      12
/home/airflow/.local/lib/python3.12/site-packages/airflow/example_dags/example_latest_only.py                                                               1           0  0.13s           2025-12-31T21:20:48                      12
/home/airflow/.local/lib/python3.12/site-packages/airflow/example_dags/example_bash_decorator.py                                                            1           0  0.13s           2025-12-31T21:20:55                      10
/home/airflow/.local/lib/python3.12/site-packages/airflow/example_dags/example_skip_dag.py                                                                  1           0  0.13s           2025-12-31T21:20:55                      12
/home/airflow/.local/lib/python3.12/site-packages/airflow/example_dags/example_setup_teardown_taskflow.py                                                   1           0  0.13s           2025-12-31T21:20:52                      10
/home/airflow/.local/lib/python3.12/site-packages/airflow/example_dags/example_xcom.py                                                                      1           0  0.13s           2025-12-31T21:20:50                      12
/home/airflow/.local/lib/python3.12/site-packages/airflow/example_dags/tutorial_taskflow_api_virtualenv.py                                                  1           0  0.13s           2025-12-31T21:20:47                      10
/home/airflow/.local/lib/python3.12/site-packages/airflow/example_dags/example_trigger_controller_dag.py                                                    1           0  0.13s           2025-12-31T21:20:42                      12
/home/airflow/.local/lib/python3.12/site-packages/airflow/example_dags/example_branch_labels.py                                                             1           0  0.12s           2025-12-31T21:20:53                      12
/home/airflow/.local/lib/python3.12/site-packages/airflow/example_dags/example_time_delta_sensor_async.py                                                   1           0  0.12s           2025-12-31T21:21:01                      10
/home/airflow/.local/lib/python3.12/site-packages/airflow/example_dags/example_setup_teardown.py                                                            1           0  0.12s           2025-12-31T21:20:43                      10
/home/airflow/.local/lib/python3.12/site-packages/airflow/example_dags/example_sensors.py                                                                   1           0  0.12s           2025-12-31T21:20:48                      10
/home/airflow/.local/lib/python3.12/site-packages/airflow/example_dags/example_external_task_marker_dag.py                          1209  0.01s             2           0  0.12s           2025-12-31T21:20:38                      13
/home/airflow/.local/lib/python3.12/site-packages/airflow/example_dags/tutorial_dag.py                                                                      1           0  0.12s           2025-12-31T21:20:49                      10
/home/airflow/.local/lib/python3.12/site-packages/airflow/example_dags/example_dynamic_task_mapping.py                                                      1           0  0.12s           2025-12-31T21:20:48                      10
/home/airflow/.local/lib/python3.12/site-packages/airflow/example_dags/example_local_kubernetes_executor.py                                                 1           0  0.12s           2025-12-31T21:20:47                      10
/home/airflow/.local/lib/python3.12/site-packages/airflow/example_dags/example_short_circuit_decorator.py                                                   1           0  0.11s           2025-12-31T21:20:53                      10
/home/airflow/.local/lib/python3.12/site-packages/airflow/example_dags/example_dynamic_task_mapping_with_no_taskflow_operators.py                           1           0  0.11s           2025-12-31T21:20:44                      10
/home/airflow/.local/lib/python3.12/site-packages/airflow/example_dags/tutorial_taskflow_api.py                                                             1           0  0.11s           2025-12-31T21:20:53                      10
/home/airflow/.local/lib/python3.12/site-packages/airflow/example_dags/example_sensor_decorator.py                                                          1           0  0.11s           2025-12-31T21:20:45                      10
/home/airflow/.local/lib/python3.12/site-packages/airflow/example_dags/example_task_group.py                                                                1           0  0.11s           2025-12-31T21:20:40                      10
/home/airflow/.local/lib/python3.12/site-packages/airflow/example_dags/example_trigger_target_dag.py                                                        1           0  0.11s           2025-12-31T21:20:50                      10
/home/airflow/.local/lib/python3.12/site-packages/airflow/example_dags/tutorial_objectstorage.py                                                            1           0  0.11s           2025-12-31T21:20:51                      10
/home/airflow/.local/lib/python3.12/site-packages/airflow/example_dags/plugins/event_listener.py                                                            0           0  0.07s           2025-12-31T21:20:55                       3
/home/airflow/.local/lib/python3.12/site-packages/airflow/example_dags/subdags/subdag.py                                                                    0           0  0.06s           2025-12-31T21:20:55                       3
/home/airflow/.local/lib/python3.12/site-packages/airflow/example_dags/plugins/listener_plugin.py                                                           0           0  0.06s           2025-12-31T21:21:01                       3
/home/airflow/.local/lib/python3.12/site-packages/airflow/example_dags/plugins/workday.py                                                                   0           0  0.06s           2025-12-31T21:21:01                       3
/home/airflow/.local/lib/python3.12/site-packages/airflow/example_dags/plugins/decreasing_priority_weight_strategy.py                                       0           0  0.06s           2025-12-31T21:21:01                       3
================================================================================
